order_id,customer_id,support_opened,cancel_attempted,intervention_count,intervention_types,final_status,late_flag,delay_min
O00001,C0168,1,0,1,DRIVER_REASSIGNMENT,delivered,1.0,10.82
O00002,C0043,0,0,0,NONE,delivered,1.0,3.97
O00003,C0855,0,0,0,NONE,delivered,0.0,-4.41
O00004,C0229,0,0,0,NONE,cancelled,,
O00005,C0040,0,0,0,NONE,delivered,1.0,21.02
O00006,C0152,0,0,0,NONE,delivered,1.0,7.3
O00007,C0875,0,0,0,NONE,delivered,1.0,4.27
O00008,C0223,1,0,1,CUSTOMER_CREDIT,delivered,1.0,26.86
O00009,C0685,0,0,0,NONE,delivered,1.0,0.69
O00010,C0530,0,0,0,NONE,delivered,0.0,-5.79
O00011,C0709,0,0,1,DRIVER_REASSIGNMENT,delivered,1.0,3.91
O00012,C0366,0,0,0,NONE,delivered,1.0,30.13
O00013,C0317,0,0,0,NONE,delivered,0.0,-3.4
O00014,C0542,0,0,0,NONE,delivered,1.0,5.1
O00015,C0578,0,0,0,NONE,delivered,1.0,4.28
O00016,C0326,0,0,0,NONE,delivered,1.0,2.49
O00017,C0270,0,0,1,DRIVER_REASSIGNMENT,cancelled,,
O00018,C0886,0,0,0,NONE,delivered,1.0,9.43
O00019,C0357,0,0,0,NONE,delivered,1.0,4.0
O00020,C0384,0,0,0,NONE,delivered,1.0,7.9
O00021,C0090,0,0,0,NONE,delivered,0.0,-8.03
O00022,C0189,0,0,1,DRIVER_REASSIGNMENT,delivered,0.0,-3.1
O00023,C0129,0,0,0,NONE,delivered,0.0,-5.09
O00024,C0677,0,0,1,CUSTOMER_CREDIT,delivered,1.0,3.99
O00025,C0886,0,0,0,NONE,delivered,0.0,-9.5
O00026,C0387,0,0,1,DRIVER_REASSIGNMENT,delivered,0.0,-15.51
O00027,C0253,0,0,1,DRIVER_REASSIGNMENT,delivered,1.0,20.81
O00028,C0466,0,0,1,RESTAURANT_CONTACT,delivered,0.0,-13.77
O00029,C0808,0,0,0,NONE,delivered,1.0,2.41
O00030,C0409,0,0,0,NONE,delivered,0.0,-2.57
O00031,C0128,0,0,0,NONE,delivered,1.0,1.7
O00032,C0392,0,0,0,NONE,delivered,0.0,-1.25
O00033,C0536,1,0,1,RESTAURANT_CONTACT,delivered,1.0,14.32
O00034,C0356,0,0,0,NONE,delivered,0.0,-0.4
O00035,C0386,0,0,0,NONE,delivered,1.0,1.52
O00036,C0495,0,0,0,NONE,delivered,0.0,-2.83
O00037,C0346,1,0,0,NONE,delivered,1.0,15.45
O00038,C0375,0,0,0,NONE,delivered,0.0,-3.21
O00039,C0266,0,0,0,NONE,delivered,1.0,5.65
O00040,C0374,1,0,0,NONE,delivered,1.0,25.55
O00041,C0008,1,0,0,NONE,delivered,1.0,5.4
O00042,C0862,1,0,0,NONE,delivered,1.0,5.67
O00043,C0405,0,0,0,NONE,delivered,,
O00044,C0644,0,0,0,NONE,delivered,1.0,6.84
O00045,C0306,0,0,1,RESTAURANT_CONTACT,delivered,1.0,4.73
O00046,C0828,0,0,0,NONE,delivered,0.0,-14.09
O00047,C0285,1,0,0,NONE,delivered,1.0,28.11
O00048,C0675,0,0,0,NONE,delivered,1.0,18.45
O00049,C0544,1,0,0,NONE,delivered,1.0,1.75
O00050,C0116,0,0,0,NONE,delivered,1.0,2.33
O00051,C0875,0,0,0,NONE,delivered,0.0,-8.66
O00052,C0610,0,0,1,RESTAURANT_CONTACT,delivered,0.0,-15.52
O00053,C0797,0,0,0,NONE,delivered,1.0,22.05
O00054,C0270,0,0,1,RESTAURANT_CONTACT,delivered,1.0,4.38
O00055,C0511,0,0,1,CUSTOMER_CREDIT,delivered,0.0,-2.71
O00056,C0321,0,0,1,RESTAURANT_CONTACT,delivered,0.0,-2.87
O00057,C0097,0,0,0,NONE,delivered,0.0,-2.43
O00058,C0604,1,0,1,CUSTOMER_CREDIT,delivered,1.0,2.7
O00059,C0242,0,0,0,NONE,delivered,0.0,-11.45
O00060,C0210,0,0,0,NONE,delivered,1.0,12.16
O00061,C0352,0,0,0,NONE,delivered,0.0,-11.99
O00062,C0243,0,0,0,NONE,delivered,0.0,-0.89
O00063,C0427,0,0,0,NONE,delivered,0.0,-8.41
O00064,C0265,0,0,0,NONE,delivered,1.0,35.63
O00065,C0553,0,0,1,DRIVER_REASSIGNMENT,delivered,1.0,8.49
O00066,C0479,0,0,1,DRIVER_REASSIGNMENT,delivered,1.0,0.67
O00067,C0684,0,0,0,NONE,delivered,1.0,6.87
O00068,C0359,0,0,0,NONE,delivered,0.0,-1.26
O00069,C0341,0,0,0,NONE,delivered,0.0,-1.34
O00070,C0304,0,0,1,PRIORITY_DISPATCH,delivered,0.0,-17.94
O00071,C0391,1,0,0,NONE,delivered,1.0,11.74
O00072,C0499,0,0,0,NONE,delivered,1.0,7.35
O00073,C0750,1,0,0,NONE,delivered,1.0,13.55
O00074,C0492,0,0,1,DRIVER_REASSIGNMENT,delivered,1.0,7.59
O00075,C0055,0,0,0,NONE,cancelled,,
O00076,C0876,0,0,0,NONE,delivered,1.0,3.03
O00077,C0157,1,0,0,NONE,delivered,1.0,26.54
O00078,C0633,0,0,1,CUSTOMER_CREDIT,delivered,0.0,-5.14
O00079,C0387,1,0,1,PRIORITY_DISPATCH,delivered,1.0,1.54
O00080,C0229,1,0,0,NONE,delivered,1.0,22.51
O00081,C0581,0,0,0,NONE,delivered,0.0,-7.14
O00082,C0366,0,0,0,NONE,delivered,0.0,-8.22
O00083,C0404,1,0,0,NONE,delivered,1.0,2.37
O00084,C0242,0,0,1,PRIORITY_DISPATCH,delivered,0.0,-7.56
O00085,C0219,0,0,0,NONE,delivered,0.0,-0.41
O00086,C0011,0,0,0,NONE,delivered,0.0,-1.02
O00087,C0249,0,0,1,CUSTOMER_CREDIT,delivered,0.0,-8.77
O00088,C0077,0,0,0,NONE,delivered,0.0,-0.28
O00089,C0341,1,0,0,NONE,delivered,1.0,10.85
O00090,C0435,1,0,0,NONE,delivered,1.0,20.26
O00091,C0567,0,0,1,RESTAURANT_CONTACT,delivered,0.0,-2.02
O00092,C0680,0,0,0,NONE,delivered,1.0,3.6
O00093,C0110,0,0,0,NONE,delivered,1.0,1.29
O00094,C0878,1,0,1,DRIVER_REASSIGNMENT,delivered,1.0,19.56
O00095,C0091,0,0,0,NONE,delivered,,
O00096,C0757,0,0,0,NONE,delivered,0.0,-4.76
O00097,C0561,0,0,0,NONE,delivered,1.0,7.3
O00098,C0318,0,0,0,NONE,delivered,1.0,10.63
O00099,C0046,0,0,0,NONE,delivered,1.0,2.59
O00100,C0485,0,0,0,NONE,delivered,1.0,1.45
O00101,C0538,1,0,1,CUSTOMER_CREDIT,delivered,1.0,85.51
O00102,C0263,0,0,1,RESTAURANT_CONTACT,delivered,1.0,86.29
O00103,C0389,0,0,0,NONE,delivered,1.0,69.29
O00104,C0436,0,0,0,NONE,delivered,1.0,87.35
O00105,C0729,0,0,0,NONE,delivered,0.0,-9.39
O00106,C0760,0,0,0,NONE,delivered,0.0,-14.3
O00107,C0412,0,0,0,NONE,delivered,0.0,-0.78
O00108,C0226,0,0,0,NONE,delivered,0.0,-8.26
O00109,C0894,0,0,0,NONE,delivered,0.0,-3.2
O00110,C0811,1,0,0,NONE,delivered,1.0,21.33
O00111,C0338,0,0,0,NONE,delivered,1.0,15.75
O00112,C0404,0,0,0,NONE,delivered,0.0,-10.44
O00113,C0605,0,0,0,NONE,delivered,1.0,19.15
O00114,C0602,0,0,1,CUSTOMER_CREDIT,delivered,1.0,6.21
O00115,C0104,0,0,1,DRIVER_REASSIGNMENT,delivered,0.0,-8.72
O00116,C0264,1,0,0,NONE,delivered,1.0,12.79
O00117,C0480,0,0,0,NONE,delivered,0.0,-3.19
O00118,C0258,1,0,0,NONE,delivered,1.0,8.58
O00119,C0039,0,0,0,NONE,delivered,1.0,12.93
O00120,C0501,0,0,0,NONE,delivered,0.0,-6.26
O00121,C0008,1,0,0,NONE,delivered,1.0,20.32
O00122,C0829,0,0,0,NONE,delivered,1.0,1.27
O00123,C0110,0,0,0,NONE,delivered,0.0,-6.99
O00124,C0471,0,0,0,NONE,delivered,0.0,-2.9
O00125,C0583,0,0,0,NONE,delivered,1.0,1.44
O00126,C0834,1,0,1,PRIORITY_DISPATCH,delivered,1.0,12.44
O00127,C0758,0,0,0,NONE,delivered,,
O00128,C0704,0,0,0,NONE,delivered,0.0,-0.17
O00129,C0495,0,0,0,NONE,cancelled,,
O00130,C0783,0,0,0,NONE,delivered,0.0,-2.71
O00131,C0106,1,0,0,NONE,delivered,1.0,14.52
O00132,C0455,0,0,0,NONE,delivered,1.0,13.35
O00133,C0561,0,0,0,NONE,delivered,0.0,-3.67
O00134,C0864,0,0,0,NONE,delivered,1.0,4.94
O00135,C0834,0,0,1,PRIORITY_DISPATCH,delivered,0.0,-3.8
O00136,C0158,0,0,0,NONE,delivered,0.0,-3.86
O00137,C0300,0,0,0,NONE,delivered,1.0,8.18
O00138,C0083,0,0,1,RESTAURANT_CONTACT,delivered,0.0,-1.91
O00139,C0013,0,0,1,DRIVER_REASSIGNMENT,delivered,1.0,0.81
O00140,C0099,0,0,1,DRIVER_REASSIGNMENT,delivered,0.0,-15.35
O00141,C0168,0,0,1,RESTAURANT_CONTACT,delivered,1.0,1.52
O00142,C0056,0,0,1,DRIVER_REASSIGNMENT,delivered,0.0,-13.14
O00143,C0678,0,0,0,NONE,delivered,0.0,-2.27
O00144,C0771,0,0,0,NONE,delivered,1.0,7.13
O00145,C0377,0,0,0,NONE,delivered,1.0,2.87
O00146,C0031,0,0,0,NONE,delivered,0.0,-12.02
O00147,C0572,1,0,0,NONE,delivered,1.0,22.74
O00148,C0197,0,0,0,NONE,delivered,1.0,0.53
O00149,C0825,0,0,0,NONE,delivered,1.0,7.95
O00150,C0747,0,0,0,NONE,delivered,1.0,11.41
O00151,C0641,0,0,1,RESTAURANT_CONTACT,delivered,1.0,28.23
O00152,C0179,1,0,0,NONE,delivered,1.0,13.76
O00153,C0274,0,0,1,PRIORITY_DISPATCH,delivered,0.0,-7.53
O00154,C0795,0,0,0,NONE,cancelled,,
O00155,C0521,0,0,0,NONE,delivered,1.0,19.35
O00156,C0772,0,0,0,NONE,delivered,0.0,-5.12
O00157,C0663,0,0,0,NONE,delivered,0.0,-0.04
O00158,C0119,0,0,0,NONE,delivered,1.0,6.82
O00159,C0306,0,0,0,NONE,delivered,0.0,-1.72
O00160,C0676,0,0,0,NONE,delivered,1.0,2.11
O00161,C0436,0,0,0,NONE,delivered,1.0,6.17
O00162,C0348,1,0,1,CUSTOMER_CREDIT,delivered,1.0,8.42
O00163,C0251,0,0,0,NONE,delivered,0.0,-4.42
O00164,C0258,0,0,0,NONE,delivered,0.0,-3.43
O00165,C0433,0,0,0,NONE,delivered,1.0,0.61
O00166,C0423,0,0,0,NONE,delivered,0.0,-5.26
O00167,C0764,0,0,0,NONE,delivered,0.0,-0.48
O00168,C0577,0,0,1,PRIORITY_DISPATCH,delivered,0.0,-2.96
O00169,C0389,1,0,0,NONE,delivered,1.0,28.95
O00170,C0129,0,0,0,NONE,delivered,1.0,4.64
O00171,C0197,0,0,1,DRIVER_REASSIGNMENT,delivered,1.0,28.35
O00172,C0027,0,0,1,DRIVER_REASSIGNMENT,delivered,0.0,-2.06
O00173,C0316,0,0,0,NONE,cancelled,,
O00174,C0797,1,0,1,PRIORITY_DISPATCH,delivered,1.0,15.11
O00175,C0062,0,0,0,NONE,delivered,0.0,-6.19
O00176,C0045,0,0,0,NONE,delivered,1.0,13.07
O00177,C0634,0,0,1,RESTAURANT_CONTACT,delivered,0.0,-3.52
O00178,C0642,0,0,0,NONE,delivered,1.0,18.41
O00179,C0076,0,0,0,NONE,delivered,1.0,5.94
O00180,C0505,1,0,0,NONE,delivered,1.0,14.77
O00181,C0107,0,0,0,NONE,delivered,1.0,4.42
O00182,C0441,0,0,0,NONE,delivered,1.0,14.5
O00183,C0028,0,0,0,NONE,delivered,1.0,1.19
O00184,C0213,0,0,0,NONE,delivered,0.0,-2.43
O00185,C0136,0,0,1,DRIVER_REASSIGNMENT,delivered,0.0,-7.71
O00186,C0099,0,0,0,NONE,delivered,0.0,-4.39
O00187,C0488,0,0,0,NONE,delivered,0.0,-17.47
O00188,C0303,1,0,0,NONE,delivered,1.0,20.15
O00189,C0150,0,0,0,NONE,delivered,1.0,4.67
O00190,C0859,0,0,0,NONE,delivered,0.0,-6.32
O00191,C0566,0,0,1,RESTAURANT_CONTACT,delivered,0.0,-9.12
O00192,C0100,0,0,0,NONE,delivered,1.0,0.29
O00193,C0309,0,0,1,RESTAURANT_CONTACT,delivered,0.0,-0.03
O00194,C0771,1,0,0,NONE,delivered,1.0,38.34
O00195,C0248,0,0,0,NONE,delivered,0.0,-12.14
O00196,C0604,0,0,0,NONE,delivered,1.0,3.17
O00197,C0020,0,0,1,DRIVER_REASSIGNMENT,delivered,0.0,-0.76
O00198,C0657,1,0,1,RESTAURANT_CONTACT,delivered,1.0,35.23
O00199,C0657,0,0,1,RESTAURANT_CONTACT,cancelled,,
O00200,C0099,0,0,0,NONE,delivered,0.0,-5.87
O00201,C0236,0,0,1,DRIVER_REASSIGNMENT,delivered,0.0,-4.73
O00202,C0028,0,0,0,NONE,delivered,1.0,1.77
O00203,C0030,0,0,1,DRIVER_REASSIGNMENT,delivered,0.0,-8.01
O00204,C0078,0,0,1,DRIVER_REASSIGNMENT,delivered,1.0,13.76
O00205,C0708,1,0,0,NONE,delivered,1.0,26.79
O00206,C0691,0,0,1,PRIORITY_DISPATCH,delivered,,
O00207,C0470,1,0,0,NONE,delivered,1.0,11.38
O00208,C0066,0,0,0,NONE,delivered,1.0,16.4
O00209,C0711,0,0,1,PRIORITY_DISPATCH,delivered,1.0,8.68
O00210,C0457,1,0,0,NONE,delivered,1.0,6.31
O00211,C0629,1,0,0,NONE,delivered,1.0,32.38
O00212,C0773,0,0,0,NONE,delivered,0.0,-1.22
O00213,C0832,0,0,0,NONE,delivered,0.0,-5.59
O00214,C0687,0,0,0,NONE,delivered,1.0,9.01
O00215,C0646,0,0,0,NONE,delivered,0.0,-7.22
O00216,C0148,0,0,0,NONE,delivered,0.0,-7.66
O00217,C0210,0,0,0,NONE,delivered,1.0,13.54
O00218,C0792,1,0,1,RESTAURANT_CONTACT,delivered,1.0,10.29
O00219,C0139,0,0,0,NONE,delivered,1.0,5.37
O00220,C0242,0,0,1,PRIORITY_DISPATCH,delivered,0.0,-10.59
O00221,C0734,0,0,0,NONE,cancelled,,
O00222,C0118,0,0,0,NONE,delivered,0.0,-3.98
O00223,C0009,0,0,1,DRIVER_REASSIGNMENT,delivered,1.0,0.21
O00224,C0843,0,0,0,NONE,delivered,0.0,-5.48
O00225,C0659,0,0,0,NONE,delivered,0.0,-4.04
O00226,C0147,0,0,1,DRIVER_REASSIGNMENT,delivered,0.0,-4.13
O00227,C0765,0,0,0,NONE,delivered,0.0,-11.77
O00228,C0863,0,0,1,RESTAURANT_CONTACT,delivered,0.0,-9.78
O00229,C0534,0,0,0,NONE,delivered,0.0,-1.17
O00230,C0109,0,0,0,NONE,delivered,1.0,7.97
O00231,C0761,1,0,0,NONE,delivered,0.0,-7.54
O00232,C0384,0,0,0,NONE,delivered,0.0,-2.63
O00233,C0605,0,0,0,NONE,delivered,0.0,-1.94
O00234,C0669,0,0,0,NONE,delivered,0.0,-4.04
O00235,C0200,1,0,0,NONE,delivered,1.0,8.44
O00236,C0499,0,0,0,NONE,delivered,0.0,-1.09
O00237,C0586,0,0,0,NONE,delivered,0.0,-3.13
O00238,C0138,0,0,0,NONE,delivered,0.0,-3.98
O00239,C0519,0,0,0,NONE,delivered,1.0,2.34
O00240,C0850,1,0,0,NONE,delivered,1.0,15.05
O00241,C0765,0,0,1,RESTAURANT_CONTACT,delivered,1.0,14.35
O00242,C0801,0,0,0,NONE,delivered,1.0,5.74
O00243,C0366,0,0,1,DRIVER_REASSIGNMENT,delivered,1.0,6.21
O00244,C0864,1,0,0,NONE,delivered,0.0,-4.49
O00245,C0516,0,0,0,NONE,delivered,0.0,-3.39
O00246,C0231,0,0,0,NONE,delivered,0.0,-15.08
O00247,C0247,0,0,0,NONE,delivered,0.0,-8.97
O00248,C0089,0,0,0,NONE,delivered,0.0,-6.35
O00249,C0135,0,0,0,NONE,delivered,1.0,6.77
O00250,C0610,0,0,0,NONE,delivered,1.0,1.31
O00251,C0521,1,0,1,RESTAURANT_CONTACT,delivered,0.0,-4.61
O00252,C0310,0,0,0,NONE,delivered,0.0,-9.06
O00253,C0153,0,0,0,NONE,delivered,1.0,18.64
O00254,C0100,0,0,0,NONE,delivered,0.0,-3.82
O00255,C0087,0,0,0,NONE,delivered,0.0,-0.8
O00256,C0289,1,0,0,NONE,delivered,1.0,15.57
O00257,C0324,0,0,1,RESTAURANT_CONTACT,delivered,1.0,4.17
O00258,C0656,0,0,0,NONE,delivered,1.0,8.89
O00259,C0285,0,0,0,NONE,delivered,1.0,1.2
O00260,C0296,1,0,0,NONE,delivered,1.0,9.83
O00261,C0715,0,0,1,DRIVER_REASSIGNMENT,delivered,1.0,3.87
O00262,C0263,0,0,0,NONE,delivered,0.0,-8.62
O00263,C0511,0,0,0,NONE,delivered,1.0,3.59
O00264,C0442,0,0,1,PRIORITY_DISPATCH,delivered,1.0,4.88
O00265,C0477,0,0,0,NONE,cancelled,,
O00266,C0796,1,0,1,PRIORITY_DISPATCH,delivered,0.0,-1.58
O00267,C0891,0,0,1,DRIVER_REASSIGNMENT,delivered,1.0,8.89
O00268,C0392,0,0,1,RESTAURANT_CONTACT,delivered,1.0,18.54
O00269,C0073,0,0,0,NONE,delivered,1.0,2.03
O00270,C0406,1,0,0,NONE,delivered,1.0,13.47
O00271,C0227,0,0,1,CUSTOMER_CREDIT,delivered,1.0,5.78
O00272,C0073,0,0,0,NONE,delivered,1.0,5.1
O00273,C0627,0,0,0,NONE,cancelled,,
O00274,C0792,0,0,0,NONE,delivered,0.0,-9.34
O00275,C0731,0,0,0,NONE,delivered,0.0,-1.83
O00276,C0754,0,0,0,NONE,delivered,1.0,5.83
O00277,C0105,0,0,1,RESTAURANT_CONTACT,delivered,0.0,-5.27
O00278,C0183,0,0,1,PRIORITY_DISPATCH,delivered,1.0,0.46
O00279,C0648,0,0,0,NONE,cancelled,,
O00280,C0343,1,0,1,DRIVER_REASSIGNMENT,delivered,1.0,5.1
O00281,C0608,0,0,1,DRIVER_REASSIGNMENT,delivered,0.0,-1.78
O00282,C0367,0,0,0,NONE,cancelled,,
O00283,C0094,0,0,0,NONE,delivered,0.0,-9.63
O00284,C0331,0,0,0,NONE,delivered,0.0,-0.43
O00285,C0378,0,0,0,NONE,delivered,1.0,3.46
O00286,C0714,0,0,0,NONE,delivered,,
O00287,C0201,0,0,1,RESTAURANT_CONTACT,delivered,1.0,16.46
O00288,C0760,1,0,1,RESTAURANT_CONTACT,delivered,1.0,19.09
O00289,C0796,0,0,0,NONE,cancelled,,
O00290,C0500,0,0,0,NONE,delivered,1.0,1.15
O00291,C0875,0,0,0,NONE,delivered,0.0,-2.4
O00292,C0735,1,0,1,PRIORITY_DISPATCH,delivered,1.0,9.25
O00293,C0425,0,0,0,NONE,delivered,1.0,5.34
O00294,C0761,0,0,0,NONE,delivered,0.0,-2.91
O00295,C0322,1,0,0,NONE,delivered,1.0,21.25
O00296,C0704,0,0,1,DRIVER_REASSIGNMENT,delivered,1.0,3.43
O00297,C0303,0,0,0,NONE,delivered,1.0,9.78
O00298,C0287,0,0,1,DRIVER_REASSIGNMENT,delivered,0.0,-6.51
O00299,C0531,0,0,0,NONE,delivered,0.0,-0.33
O00300,C0331,0,0,0,NONE,delivered,0.0,-5.9
O00301,C0440,1,0,1,CUSTOMER_CREDIT,delivered,1.0,15.79
O00302,C0800,1,1,1,PRIORITY_DISPATCH,delivered,1.0,26.32
O00303,C0411,1,0,0,NONE,delivered,1.0,33.16
O00304,C0531,0,0,0,NONE,delivered,0.0,-6.19
O00305,C0385,0,0,0,NONE,delivered,1.0,0.25
O00306,C0032,0,0,0,NONE,delivered,1.0,6.76
O00307,C0161,0,0,0,NONE,cancelled,,
O00308,C0049,0,0,0,NONE,delivered,1.0,5.59
O00309,C0257,0,0,0,NONE,delivered,0.0,-7.02
O00310,C0356,0,0,0,NONE,delivered,1.0,5.79
O00311,C0212,0,0,0,NONE,delivered,1.0,11.76
O00312,C0056,0,0,0,NONE,cancelled,,
O00313,C0767,1,0,0,NONE,delivered,1.0,12.97
O00314,C0182,0,0,0,NONE,delivered,0.0,-11.36
O00315,C0141,0,0,0,NONE,delivered,0.0,-15.01
O00316,C0557,0,0,0,NONE,delivered,1.0,8.03
O00317,C0054,0,0,1,DRIVER_REASSIGNMENT,delivered,0.0,-2.96
O00318,C0413,0,0,0,NONE,delivered,1.0,12.82
O00319,C0318,0,0,0,NONE,delivered,1.0,24.14
O00320,C0379,1,0,1,PRIORITY_DISPATCH,delivered,0.0,-12.51
O00321,C0533,0,0,0,NONE,delivered,0.0,-11.52
O00322,C0357,1,0,0,NONE,delivered,1.0,22.21
O00323,C0496,0,0,0,NONE,delivered,0.0,-6.43
O00324,C0161,0,0,1,CUSTOMER_CREDIT,delivered,0.0,-8.12
O00325,C0013,0,0,0,NONE,delivered,0.0,-1.83
O00326,C0636,0,0,0,NONE,delivered,1.0,5.13
O00327,C0081,0,0,0,NONE,delivered,1.0,3.36
O00328,C0488,0,0,0,NONE,delivered,0.0,-7.4
O00329,C0696,1,0,0,NONE,delivered,1.0,20.72
O00330,C0609,0,0,0,NONE,delivered,1.0,2.87
O00331,C0369,1,0,0,NONE,delivered,1.0,21.98
O00332,C0624,0,0,0,NONE,delivered,0.0,-3.44
O00333,C0671,1,0,0,NONE,delivered,1.0,5.6
O00334,C0696,0,0,0,NONE,delivered,0.0,-5.27
O00335,C0639,0,0,1,PRIORITY_DISPATCH,delivered,1.0,20.99
O00336,C0503,0,0,0,NONE,delivered,1.0,0.09
O00337,C0864,0,0,0,NONE,cancelled,,
O00338,C0331,0,0,1,RESTAURANT_CONTACT,delivered,1.0,19.66
O00339,C0367,0,0,0,NONE,delivered,0.0,-0.54
O00340,C0266,0,0,0,NONE,delivered,1.0,23.02
O00341,C0302,0,0,1,RESTAURANT_CONTACT,delivered,,
O00342,C0047,0,0,0,NONE,delivered,1.0,1.18
O00343,C0674,0,0,0,NONE,delivered,1.0,6.06
O00344,C0851,0,0,0,NONE,delivered,0.0,-6.69
O00345,C0190,1,0,0,NONE,delivered,1.0,10.85
O00346,C0897,0,0,0,NONE,delivered,0.0,-3.29
O00347,C0398,0,0,0,NONE,delivered,0.0,-5.14
O00348,C0599,1,0,0,NONE,delivered,1.0,21.11
O00349,C0523,0,0,0,NONE,delivered,1.0,8.2
O00350,C0524,0,0,1,DRIVER_REASSIGNMENT,delivered,0.0,-8.96
O00351,C0643,0,0,1,RESTAURANT_CONTACT,delivered,1.0,5.36
O00352,C0772,0,0,0,NONE,delivered,1.0,21.41
O00353,C0059,0,0,0,NONE,delivered,0.0,-2.54
O00354,C0859,0,0,0,NONE,delivered,1.0,3.17
O00355,C0056,0,0,0,NONE,delivered,1.0,4.36
O00356,C0101,0,0,0,NONE,delivered,1.0,4.1
O00357,C0853,0,0,0,NONE,delivered,0.0,-4.76
O00358,C0207,0,0,1,RESTAURANT_CONTACT,delivered,1.0,6.66
O00359,C0536,1,0,0,NONE,delivered,1.0,14.37
O00360,C0682,0,0,1,RESTAURANT_CONTACT,delivered,1.0,9.63
O00361,C0696,0,0,0,NONE,delivered,0.0,-0.4
O00362,C0395,0,0,0,NONE,cancelled,,
O00363,C0345,0,0,0,NONE,delivered,0.0,-18.55
O00364,C0394,1,0,0,NONE,delivered,1.0,8.54
O00365,C0501,0,0,0,NONE,delivered,1.0,11.33
O00366,C0217,0,0,0,NONE,delivered,1.0,12.28
O00367,C0404,0,0,0,NONE,delivered,0.0,-7.63
O00368,C0345,0,0,1,DRIVER_REASSIGNMENT,delivered,1.0,1.16
O00369,C0752,0,0,0,NONE,delivered,1.0,4.08
O00370,C0844,0,0,0,NONE,delivered,0.0,-0.31
O00371,C0215,0,0,1,DRIVER_REASSIGNMENT,delivered,1.0,2.07
O00372,C0240,0,0,0,NONE,delivered,1.0,1.36
O00373,C0349,0,0,0,NONE,delivered,0.0,-3.96
O00374,C0843,0,0,0,NONE,delivered,1.0,6.27
O00375,C0707,0,0,0,NONE,delivered,0.0,-3.26
O00376,C0276,0,0,0,NONE,delivered,0.0,-2.37
O00377,C0260,0,0,0,NONE,delivered,1.0,0.53
O00378,C0087,0,0,0,NONE,delivered,1.0,8.64
O00379,C0582,0,0,0,NONE,delivered,0.0,-14.2
O00380,C0536,0,0,0,NONE,delivered,0.0,-12.07
O00381,C0282,0,0,0,NONE,delivered,0.0,-1.94
O00382,C0573,1,0,0,NONE,delivered,1.0,17.83
O00383,C0557,1,0,0,NONE,delivered,1.0,21.86
O00384,C0012,0,0,0,NONE,cancelled,,
O00385,C0667,1,1,1,RESTAURANT_CONTACT,delivered,1.0,22.5
O00386,C0101,0,0,1,CUSTOMER_CREDIT,delivered,0.0,-4.89
O00387,C0457,0,0,0,NONE,delivered,1.0,18.23
O00388,C0181,0,0,0,NONE,delivered,1.0,10.74
O00389,C0608,0,0,1,DRIVER_REASSIGNMENT,delivered,1.0,8.2
O00390,C0666,0,0,0,NONE,delivered,0.0,-9.64
O00391,C0024,1,0,0,NONE,delivered,1.0,14.11
O00392,C0372,0,0,0,NONE,delivered,1.0,4.35
O00393,C0512,1,1,0,NONE,delivered,1.0,24.9
O00394,C0062,0,0,0,NONE,delivered,0.0,-1.65
O00395,C0060,0,0,0,NONE,delivered,1.0,4.58
O00396,C0775,0,0,0,NONE,delivered,0.0,-0.99
O00397,C0747,0,0,0,NONE,delivered,1.0,15.25
O00398,C0225,0,0,0,NONE,delivered,1.0,3.84
O00399,C0530,0,0,1,PRIORITY_DISPATCH,delivered,1.0,14.34
O00400,C0851,0,0,0,NONE,delivered,1.0,13.52
O00401,C0842,0,0,0,NONE,delivered,1.0,9.0
O00402,C0662,0,0,0,NONE,delivered,0.0,-5.4
O00403,C0240,1,0,1,DRIVER_REASSIGNMENT,delivered,1.0,17.48
O00404,C0715,1,0,0,NONE,delivered,1.0,19.13
O00405,C0809,0,0,0,NONE,delivered,0.0,-12.27
O00406,C0746,0,0,0,NONE,delivered,0.0,-12.71
O00407,C0522,0,0,0,NONE,delivered,0.0,-10.17
O00408,C0801,0,0,1,PRIORITY_DISPATCH,delivered,1.0,17.62
O00409,C0833,0,0,1,DRIVER_REASSIGNMENT,delivered,1.0,27.39
O00410,C0240,0,0,0,NONE,delivered,0.0,-8.33
O00411,C0227,1,0,0,NONE,delivered,1.0,8.99
O00412,C0504,0,0,1,PRIORITY_DISPATCH,delivered,0.0,-1.45
O00413,C0463,0,0,0,NONE,delivered,1.0,11.09
O00414,C0794,0,0,0,NONE,delivered,0.0,-1.1
O00415,C0339,0,0,0,NONE,delivered,1.0,5.48
O00416,C0662,0,0,1,RESTAURANT_CONTACT,delivered,1.0,17.6
O00417,C0302,0,0,1,RESTAURANT_CONTACT,delivered,,
O00418,C0476,0,0,0,NONE,delivered,0.0,-8.76
O00419,C0729,0,0,0,NONE,delivered,0.0,-6.98
O00420,C0696,0,0,0,NONE,delivered,0.0,-12.91
O00421,C0246,0,0,0,NONE,delivered,0.0,-8.29
O00422,C0193,0,0,0,NONE,delivered,1.0,5.63
O00423,C0757,1,0,0,NONE,delivered,1.0,9.36
O00424,C0205,1,0,0,NONE,delivered,0.0,-5.52
O00425,C0173,0,0,0,NONE,delivered,0.0,-3.18
O00426,C0023,0,0,0,NONE,delivered,0.0,-9.4
O00427,C0894,0,0,0,NONE,delivered,0.0,-17.32
O00428,C0882,1,0,1,DRIVER_REASSIGNMENT,delivered,1.0,8.51
O00429,C0002,0,0,1,DRIVER_REASSIGNMENT,delivered,0.0,-9.93
O00430,C0202,1,0,1,RESTAURANT_CONTACT,delivered,1.0,9.26
O00431,C0502,0,0,1,PRIORITY_DISPATCH,delivered,1.0,14.34
O00432,C0381,0,0,1,PRIORITY_DISPATCH,cancelled,,
O00433,C0336,0,0,0,NONE,delivered,1.0,9.35
O00434,C0101,0,0,0,NONE,delivered,1.0,7.3
O00435,C0132,0,0,0,NONE,delivered,1.0,6.19
O00436,C0841,0,0,1,CUSTOMER_CREDIT,delivered,1.0,0.6
O00437,C0685,1,0,0,NONE,delivered,1.0,6.12
O00438,C0376,0,0,0,NONE,delivered,0.0,-7.03
O00439,C0642,0,0,0,NONE,delivered,0.0,-8.63
O00440,C0531,0,0,0,NONE,delivered,0.0,-1.31
O00441,C0294,0,0,0,NONE,delivered,1.0,0.02
O00442,C0758,1,0,0,NONE,delivered,1.0,5.53
O00443,C0495,0,0,0,NONE,delivered,1.0,0.21
O00444,C0307,0,0,0,NONE,delivered,1.0,3.58
O00445,C0741,0,0,1,CUSTOMER_CREDIT,delivered,1.0,2.93
O00446,C0780,1,0,0,NONE,delivered,1.0,21.11
O00447,C0725,0,0,0,NONE,delivered,0.0,-5.06
O00448,C0284,0,0,0,NONE,delivered,0.0,-13.01
O00449,C0070,0,0,0,NONE,delivered,1.0,3.92
O00450,C0202,0,0,0,NONE,delivered,1.0,0.27
O00451,C0549,0,0,0,NONE,delivered,0.0,-14.31
O00452,C0020,0,0,1,PRIORITY_DISPATCH,delivered,0.0,-9.64
O00453,C0546,0,0,0,NONE,delivered,0.0,-7.74
O00454,C0179,0,0,1,PRIORITY_DISPATCH,delivered,0.0,-1.08
O00455,C0202,0,0,0,NONE,delivered,0.0,-7.84
O00456,C0746,0,0,0,NONE,delivered,0.0,-9.0
O00457,C0168,0,0,0,NONE,cancelled,,
O00458,C0438,0,0,0,NONE,delivered,1.0,5.44
O00459,C0468,0,0,1,RESTAURANT_CONTACT,delivered,1.0,3.95
O00460,C0087,0,0,0,NONE,delivered,1.0,36.88
O00461,C0106,0,0,0,NONE,delivered,1.0,11.38
O00462,C0013,1,0,0,NONE,delivered,0.0,-1.25
O00463,C0046,0,0,0,NONE,delivered,0.0,-9.91
O00464,C0113,0,0,1,DRIVER_REASSIGNMENT,delivered,1.0,1.6
O00465,C0061,0,0,0,NONE,delivered,1.0,6.57
O00466,C0746,0,0,1,PRIORITY_DISPATCH,delivered,0.0,-16.42
O00467,C0778,0,0,0,NONE,delivered,0.0,-12.16
O00468,C0736,0,0,1,RESTAURANT_CONTACT,delivered,0.0,-1.85
O00469,C0266,0,0,0,NONE,delivered,0.0,-4.38
O00470,C0897,0,0,0,NONE,delivered,1.0,0.79
O00471,C0099,1,0,0,NONE,delivered,1.0,7.43
O00472,C0448,1,0,0,NONE,delivered,1.0,14.24
O00473,C0719,0,0,1,CUSTOMER_CREDIT,delivered,1.0,46.21
O00474,C0127,0,0,0,NONE,delivered,0.0,-6.21
O00475,C0883,0,0,1,DRIVER_REASSIGNMENT,delivered,0.0,-6.81
O00476,C0889,0,0,1,DRIVER_REASSIGNMENT,delivered,1.0,14.15
O00477,C0117,1,0,0,NONE,delivered,1.0,8.37
O00478,C0264,0,0,1,RESTAURANT_CONTACT,delivered,0.0,-6.04
O00479,C0477,0,0,1,DRIVER_REASSIGNMENT,cancelled,,
O00480,C0718,1,0,1,PRIORITY_DISPATCH,delivered,1.0,15.47
O00481,C0811,0,0,0,NONE,delivered,1.0,4.43
O00482,C0093,0,0,0,NONE,delivered,0.0,-6.11
O00483,C0670,0,0,1,RESTAURANT_CONTACT,delivered,0.0,-3.89
O00484,C0028,0,0,0,NONE,delivered,1.0,0.48
O00485,C0864,0,0,0,NONE,delivered,1.0,1.18
O00486,C0464,0,0,0,NONE,delivered,1.0,2.23
O00487,C0894,0,0,0,NONE,delivered,1.0,11.35
O00488,C0774,0,0,1,PRIORITY_DISPATCH,delivered,,
O00489,C0344,0,0,1,DRIVER_REASSIGNMENT,delivered,1.0,4.51
O00490,C0579,0,0,0,NONE,delivered,1.0,6.25
O00491,C0003,1,0,0,NONE,delivered,1.0,14.34
O00492,C0015,0,0,1,DRIVER_REASSIGNMENT,cancelled,,
O00493,C0243,0,0,1,DRIVER_REASSIGNMENT,delivered,0.0,-3.76
O00494,C0055,0,0,0,NONE,delivered,0.0,-6.73
O00495,C0209,0,0,0,NONE,cancelled,,
O00496,C0033,0,0,1,DRIVER_REASSIGNMENT,delivered,0.0,-13.84
O00497,C0482,1,0,1,PRIORITY_DISPATCH,delivered,1.0,31.78
O00498,C0888,0,0,0,NONE,cancelled,,
O00499,C0277,0,0,0,NONE,delivered,1.0,7.12
O00500,C0822,0,0,0,NONE,delivered,0.0,-11.3
O00501,C0509,0,0,0,NONE,delivered,1.0,0.77
O00502,C0148,0,0,1,RESTAURANT_CONTACT,delivered,1.0,0.49
O00503,C0881,0,0,0,NONE,delivered,0.0,-0.79
O00504,C0716,0,0,0,NONE,delivered,1.0,8.18
O00505,C0479,0,0,0,NONE,delivered,1.0,4.26
O00506,C0274,0,0,1,CUSTOMER_CREDIT,delivered,0.0,-7.33
O00507,C0399,0,0,1,PRIORITY_DISPATCH,delivered,0.0,-0.95
O00508,C0499,1,0,0,NONE,delivered,1.0,11.88
O00509,C0519,0,0,0,NONE,delivered,0.0,-8.56
O00510,C0797,0,0,1,DRIVER_REASSIGNMENT,delivered,1.0,5.23
O00511,C0064,0,0,0,NONE,delivered,0.0,-1.56
O00512,C0190,0,0,0,NONE,delivered,0.0,-3.35
O00513,C0109,1,1,0,NONE,delivered,1.0,22.82
O00514,C0419,0,0,1,DRIVER_REASSIGNMENT,delivered,0.0,-0.32
O00515,C0672,0,0,0,NONE,delivered,1.0,6.63
O00516,C0001,0,0,0,NONE,delivered,0.0,-9.13
O00517,C0328,0,0,1,RESTAURANT_CONTACT,delivered,1.0,4.98
O00518,C0493,0,0,0,NONE,delivered,0.0,-1.48
O00519,C0864,0,0,0,NONE,delivered,1.0,5.08
O00520,C0489,0,0,0,NONE,delivered,1.0,2.21
O00521,C0854,0,0,0,NONE,delivered,0.0,-1.1
O00522,C0748,0,0,0,NONE,delivered,1.0,4.28
O00523,C0865,0,0,0,NONE,delivered,1.0,10.29
O00524,C0611,0,0,0,NONE,delivered,1.0,0.9
O00525,C0280,1,0,0,NONE,delivered,1.0,6.9
O00526,C0833,0,0,1,PRIORITY_DISPATCH,delivered,1.0,22.59
O00527,C0480,0,0,0,NONE,delivered,1.0,16.88
O00528,C0367,0,0,0,NONE,delivered,0.0,-13.92
O00529,C0828,0,0,0,NONE,cancelled,,
O00530,C0634,0,0,1,PRIORITY_DISPATCH,delivered,0.0,-9.44
O00531,C0586,0,0,0,NONE,cancelled,,
O00532,C0381,0,0,0,NONE,delivered,0.0,-3.23
O00533,C0095,1,0,0,NONE,delivered,1.0,12.37
O00534,C0320,0,0,0,NONE,delivered,1.0,2.03
O00535,C0299,0,0,0,NONE,delivered,1.0,6.83
O00536,C0056,0,0,0,NONE,delivered,0.0,-4.81
O00537,C0649,0,0,0,NONE,delivered,0.0,-2.42
O00538,C0053,0,0,0,NONE,delivered,0.0,-2.5
O00539,C0221,1,1,1,DRIVER_REASSIGNMENT,delivered,1.0,23.28
O00540,C0131,0,0,1,CUSTOMER_CREDIT,delivered,1.0,3.84
O00541,C0447,0,0,0,NONE,delivered,1.0,0.07
O00542,C0220,0,0,0,NONE,delivered,0.0,-11.67
O00543,C0305,0,0,1,RESTAURANT_CONTACT,delivered,0.0,-1.74
O00544,C0895,1,0,1,DRIVER_REASSIGNMENT,delivered,1.0,24.92
O00545,C0030,0,0,0,NONE,delivered,0.0,-4.57
O00546,C0804,0,0,0,NONE,delivered,1.0,13.51
O00547,C0186,0,0,0,NONE,delivered,1.0,14.94
O00548,C0886,0,0,0,NONE,delivered,,
O00549,C0245,0,0,1,DRIVER_REASSIGNMENT,delivered,0.0,-15.56
O00550,C0638,0,0,1,RESTAURANT_CONTACT,delivered,0.0,-3.73
O00551,C0262,1,0,0,NONE,delivered,1.0,11.74
O00552,C0509,0,0,1,PRIORITY_DISPATCH,delivered,0.0,-4.0
O00553,C0398,0,0,1,RESTAURANT_CONTACT,delivered,1.0,0.09
O00554,C0172,1,0,1,DRIVER_REASSIGNMENT,delivered,0.0,-0.44
O00555,C0455,1,0,0,NONE,delivered,1.0,6.99
O00556,C0325,1,0,1,DRIVER_REASSIGNMENT,delivered,1.0,16.78
O00557,C0751,0,0,0,NONE,delivered,1.0,15.0
O00558,C0391,0,0,1,PRIORITY_DISPATCH,delivered,0.0,-1.33
O00559,C0058,1,0,0,NONE,delivered,1.0,12.12
O00560,C0826,0,0,0,NONE,delivered,0.0,-5.89
O00561,C0425,1,0,1,RESTAURANT_CONTACT,delivered,1.0,17.6
O00562,C0897,0,0,0,NONE,delivered,1.0,4.66
O00563,C0231,1,0,1,CUSTOMER_CREDIT,delivered,1.0,15.67
O00564,C0394,1,0,0,NONE,delivered,1.0,20.33
O00565,C0143,0,0,0,NONE,delivered,1.0,26.24
O00566,C0857,0,0,0,NONE,delivered,0.0,-10.99
O00567,C0426,0,0,0,NONE,delivered,0.0,-8.5
O00568,C0008,0,0,0,NONE,delivered,1.0,12.43
O00569,C0655,0,0,1,DRIVER_REASSIGNMENT,cancelled,,
O00570,C0579,0,0,0,NONE,delivered,0.0,-4.09
O00571,C0189,0,0,1,RESTAURANT_CONTACT,delivered,0.0,-3.7
O00572,C0633,0,0,0,NONE,cancelled,,
O00573,C0274,0,0,0,NONE,delivered,0.0,-7.55
O00574,C0551,1,0,0,NONE,delivered,1.0,29.9
O00575,C0327,1,0,0,NONE,delivered,0.0,-3.5
O00576,C0064,0,0,0,NONE,delivered,0.0,-22.15
O00577,C0898,0,0,0,NONE,delivered,1.0,7.24
O00578,C0789,0,0,0,NONE,delivered,1.0,8.78
O00579,C0541,0,0,1,DRIVER_REASSIGNMENT,delivered,1.0,6.29
O00580,C0780,0,0,0,NONE,delivered,1.0,3.62
O00581,C0537,0,0,0,NONE,delivered,1.0,3.23
O00582,C0547,1,0,0,NONE,delivered,1.0,1.16
O00583,C0244,0,0,0,NONE,delivered,1.0,8.72
O00584,C0107,0,0,0,NONE,delivered,0.0,-15.21
O00585,C0096,0,0,1,DRIVER_REASSIGNMENT,delivered,0.0,-7.06
O00586,C0894,0,0,0,NONE,cancelled,,
O00587,C0036,0,0,0,NONE,delivered,,
O00588,C0740,0,0,1,DRIVER_REASSIGNMENT,delivered,1.0,3.26
O00589,C0131,0,0,0,NONE,delivered,1.0,2.98
O00590,C0539,1,0,1,DRIVER_REASSIGNMENT,delivered,1.0,8.54
O00591,C0799,0,0,1,PRIORITY_DISPATCH,delivered,1.0,16.64
O00592,C0378,1,0,0,NONE,delivered,1.0,12.16
O00593,C0854,0,0,0,NONE,delivered,1.0,8.22
O00594,C0833,0,0,0,NONE,delivered,1.0,1.2
O00595,C0813,1,0,0,NONE,delivered,0.0,-12.25
O00596,C0241,0,0,1,CUSTOMER_CREDIT,delivered,1.0,6.53
O00597,C0060,0,0,0,NONE,delivered,0.0,-4.92
O00598,C0700,1,0,0,NONE,delivered,1.0,10.45
O00599,C0293,0,0,1,DRIVER_REASSIGNMENT,delivered,1.0,4.71
O00600,C0458,0,0,0,NONE,delivered,1.0,4.85
O00601,C0079,0,0,0,NONE,delivered,0.0,-6.76
O00602,C0556,0,0,0,NONE,delivered,1.0,0.31
O00603,C0367,0,0,1,PRIORITY_DISPATCH,delivered,1.0,7.12
O00604,C0250,0,0,0,NONE,delivered,1.0,1.8
O00605,C0478,0,0,0,NONE,delivered,1.0,16.8
O00606,C0754,0,0,0,NONE,delivered,0.0,-9.46
O00607,C0569,0,0,0,NONE,delivered,1.0,27.64
O00608,C0752,0,0,0,NONE,delivered,1.0,1.8
O00609,C0292,0,0,0,NONE,delivered,0.0,-6.03
O00610,C0223,0,0,0,NONE,delivered,,
O00611,C0655,0,0,1,RESTAURANT_CONTACT,delivered,1.0,2.0
O00612,C0519,0,0,0,NONE,delivered,0.0,-3.13
O00613,C0641,1,0,1,PRIORITY_DISPATCH,delivered,1.0,27.18
O00614,C0252,0,0,1,DRIVER_REASSIGNMENT,delivered,0.0,-10.18
O00615,C0486,1,0,0,NONE,delivered,0.0,-2.03
O00616,C0501,1,0,0,NONE,delivered,0.0,-6.37
O00617,C0638,0,0,0,NONE,delivered,0.0,-7.68
O00618,C0175,0,0,1,RESTAURANT_CONTACT,delivered,0.0,-12.63
O00619,C0384,1,0,1,RESTAURANT_CONTACT,delivered,1.0,6.48
O00620,C0770,0,0,0,NONE,delivered,0.0,-0.41
O00621,C0242,0,0,0,NONE,delivered,1.0,5.19
O00622,C0024,0,0,0,NONE,delivered,1.0,20.08
O00623,C0004,1,0,1,DRIVER_REASSIGNMENT,delivered,1.0,15.76
O00624,C0464,0,0,0,NONE,delivered,0.0,-10.71
O00625,C0183,0,0,0,NONE,delivered,0.0,-10.74
O00626,C0762,0,0,1,DRIVER_REASSIGNMENT,delivered,1.0,2.14
O00627,C0194,0,0,0,NONE,delivered,1.0,7.26
O00628,C0551,0,0,0,NONE,delivered,0.0,-2.57
O00629,C0336,0,0,0,NONE,delivered,1.0,12.57
O00630,C0348,0,0,1,RESTAURANT_CONTACT,cancelled,,
O00631,C0549,1,0,0,NONE,delivered,1.0,11.34
O00632,C0869,0,0,1,RESTAURANT_CONTACT,delivered,1.0,2.84
O00633,C0257,0,0,0,NONE,delivered,0.0,-0.93
O00634,C0366,0,0,0,NONE,delivered,0.0,-2.08
O00635,C0101,0,0,1,PRIORITY_DISPATCH,delivered,1.0,2.68
O00636,C0824,0,0,0,NONE,delivered,1.0,6.22
O00637,C0028,0,0,0,NONE,cancelled,,
O00638,C0060,0,0,0,NONE,delivered,0.0,-4.88
O00639,C0234,0,0,0,NONE,delivered,0.0,-2.35
O00640,C0022,0,0,1,DRIVER_REASSIGNMENT,delivered,0.0,-8.48
O00641,C0796,0,0,0,NONE,delivered,0.0,-8.28
O00642,C0072,0,0,0,NONE,delivered,1.0,0.98
O00643,C0070,1,0,0,NONE,delivered,0.0,-14.73
O00644,C0324,0,0,1,CUSTOMER_CREDIT,delivered,0.0,-1.91
O00645,C0754,0,0,0,NONE,delivered,1.0,3.71
O00646,C0468,0,0,0,NONE,delivered,1.0,4.23
O00647,C0625,0,0,0,NONE,delivered,0.0,-17.54
O00648,C0724,0,0,0,NONE,delivered,0.0,-9.31
O00649,C0501,0,0,0,NONE,delivered,1.0,12.71
O00650,C0580,0,0,0,NONE,delivered,1.0,2.77
O00651,C0388,1,0,1,DRIVER_REASSIGNMENT,delivered,1.0,1.65
O00652,C0313,0,0,1,DRIVER_REASSIGNMENT,delivered,1.0,4.02
O00653,C0004,0,0,1,PRIORITY_DISPATCH,delivered,1.0,12.74
O00654,C0355,0,0,1,CUSTOMER_CREDIT,delivered,0.0,-13.14
O00655,C0087,0,0,0,NONE,delivered,0.0,-8.34
O00656,C0601,0,0,0,NONE,delivered,1.0,0.92
O00657,C0423,0,0,0,NONE,delivered,0.0,-10.33
O00658,C0571,0,0,0,NONE,delivered,0.0,-1.37
O00659,C0459,0,0,1,DRIVER_REASSIGNMENT,delivered,0.0,-5.53
O00660,C0512,1,0,0,NONE,delivered,0.0,-15.48
O00661,C0302,0,0,0,NONE,delivered,0.0,-9.37
O00662,C0597,0,0,0,NONE,delivered,0.0,-12.61
O00663,C0062,0,0,0,NONE,delivered,0.0,-4.29
O00664,C0807,0,0,0,NONE,delivered,0.0,-8.49
O00665,C0127,0,0,0,NONE,delivered,1.0,4.82
O00666,C0456,1,0,1,CUSTOMER_CREDIT,delivered,1.0,17.67
O00667,C0660,0,0,0,NONE,delivered,0.0,-9.21
O00668,C0839,0,0,1,RESTAURANT_CONTACT,delivered,1.0,4.61
O00669,C0149,0,0,0,NONE,delivered,0.0,-5.43
O00670,C0560,0,0,0,NONE,delivered,1.0,2.71
O00671,C0270,0,0,0,NONE,delivered,0.0,-7.68
O00672,C0743,0,0,0,NONE,delivered,,
O00673,C0311,0,0,1,DRIVER_REASSIGNMENT,delivered,1.0,10.49
O00674,C0657,0,0,0,NONE,delivered,0.0,-12.83
O00675,C0415,0,0,0,NONE,delivered,,
O00676,C0496,0,0,0,NONE,delivered,1.0,2.12
O00677,C0671,0,0,0,NONE,delivered,0.0,-21.26
O00678,C0075,0,0,0,NONE,delivered,1.0,12.15
O00679,C0448,0,0,1,RESTAURANT_CONTACT,delivered,0.0,-0.44
O00680,C0672,0,0,0,NONE,delivered,0.0,-5.99
O00681,C0375,0,0,1,RESTAURANT_CONTACT,delivered,1.0,1.02
O00682,C0579,0,0,0,NONE,delivered,1.0,9.34
O00683,C0612,0,0,1,CUSTOMER_CREDIT,delivered,0.0,-10.81
O00684,C0331,1,0,0,NONE,delivered,1.0,12.08
O00685,C0447,0,0,0,NONE,delivered,1.0,14.64
O00686,C0704,1,0,0,NONE,delivered,1.0,16.31
O00687,C0150,0,0,0,NONE,delivered,0.0,-4.2
O00688,C0221,0,0,0,NONE,cancelled,,
O00689,C0876,1,0,0,NONE,delivered,1.0,5.08
O00690,C0667,0,0,1,PRIORITY_DISPATCH,delivered,0.0,-15.13
O00691,C0153,0,0,0,NONE,delivered,1.0,13.21
O00692,C0838,1,0,0,NONE,delivered,1.0,9.85
O00693,C0492,0,0,1,PRIORITY_DISPATCH,delivered,0.0,-14.24
O00694,C0853,0,0,0,NONE,cancelled,,
O00695,C0311,0,0,1,CUSTOMER_CREDIT,delivered,1.0,1.19
O00696,C0898,0,0,0,NONE,delivered,1.0,2.28
O00697,C0865,0,0,0,NONE,delivered,1.0,3.03
O00698,C0480,1,0,0,NONE,delivered,1.0,7.53
O00699,C0805,1,0,0,NONE,delivered,0.0,-18.08
O00700,C0750,0,0,1,PRIORITY_DISPATCH,delivered,0.0,-3.56
O00701,C0049,0,0,0,NONE,delivered,1.0,23.29
O00702,C0532,0,0,1,DRIVER_REASSIGNMENT,delivered,0.0,-1.6
O00703,C0740,0,0,0,NONE,delivered,1.0,0.7
O00704,C0167,0,0,1,PRIORITY_DISPATCH,delivered,1.0,4.29
O00705,C0359,0,0,0,NONE,delivered,1.0,6.76
O00706,C0855,1,0,0,NONE,delivered,1.0,29.59
O00707,C0182,0,0,0,NONE,delivered,0.0,-8.85
O00708,C0722,0,0,0,NONE,delivered,0.0,-9.39
O00709,C0221,0,0,0,NONE,delivered,0.0,-7.06
O00710,C0075,1,0,0,NONE,delivered,1.0,20.08
O00711,C0786,0,0,0,NONE,delivered,1.0,3.73
O00712,C0266,0,0,0,NONE,delivered,1.0,5.99
O00713,C0860,0,0,0,NONE,delivered,0.0,-11.91
O00714,C0373,1,0,1,RESTAURANT_CONTACT,delivered,0.0,-9.64
O00715,C0215,1,0,0,NONE,delivered,1.0,18.09
O00716,C0604,0,0,0,NONE,delivered,,
O00717,C0407,0,0,1,PRIORITY_DISPATCH,delivered,0.0,-2.82
O00718,C0225,0,0,1,PRIORITY_DISPATCH,delivered,0.0,-8.06
O00719,C0365,0,0,0,NONE,delivered,0.0,-3.14
O00720,C0402,0,0,0,NONE,delivered,0.0,-3.76
O00721,C0346,0,0,1,CUSTOMER_CREDIT,delivered,1.0,0.14
O00722,C0351,0,0,0,NONE,delivered,0.0,-16.5
O00723,C0467,0,0,0,NONE,delivered,0.0,-15.08
O00724,C0188,0,0,0,NONE,delivered,0.0,-4.33
O00725,C0812,1,0,0,NONE,delivered,1.0,5.48
O00726,C0638,1,0,0,NONE,delivered,1.0,22.89
O00727,C0435,0,0,1,RESTAURANT_CONTACT,delivered,0.0,-3.26
O00728,C0557,0,0,0,NONE,cancelled,,
O00729,C0448,0,0,0,NONE,delivered,0.0,-2.28
O00730,C0484,0,0,0,NONE,delivered,1.0,27.12
O00731,C0760,0,0,0,NONE,delivered,1.0,9.52
O00732,C0789,0,0,1,RESTAURANT_CONTACT,delivered,0.0,-6.51
O00733,C0189,0,0,0,NONE,delivered,0.0,-0.84
O00734,C0127,0,0,0,NONE,cancelled,,
O00735,C0027,0,0,0,NONE,delivered,0.0,-1.32
O00736,C0657,1,0,0,NONE,delivered,1.0,6.2
O00737,C0824,1,0,0,NONE,delivered,1.0,36.28
O00738,C0299,1,0,0,NONE,delivered,1.0,19.99
O00739,C0291,0,0,1,PRIORITY_DISPATCH,delivered,1.0,13.71
O00740,C0583,0,0,0,NONE,delivered,,
O00741,C0617,0,0,0,NONE,delivered,1.0,6.97
O00742,C0474,0,0,0,NONE,delivered,1.0,1.65
O00743,C0733,0,0,0,NONE,delivered,0.0,-3.48
O00744,C0623,1,0,0,NONE,delivered,1.0,15.02
O00745,C0373,0,0,1,DRIVER_REASSIGNMENT,delivered,0.0,-7.36
O00746,C0834,0,0,1,CUSTOMER_CREDIT,delivered,1.0,14.68
O00747,C0764,1,0,0,NONE,delivered,1.0,16.86
O00748,C0576,0,0,0,NONE,delivered,0.0,-6.08
O00749,C0597,0,0,1,PRIORITY_DISPATCH,delivered,0.0,-2.12
O00750,C0792,0,0,1,PRIORITY_DISPATCH,delivered,0.0,-14.68
O00751,C0153,0,0,1,RESTAURANT_CONTACT,delivered,0.0,-2.7
O00752,C0879,1,0,0,NONE,delivered,1.0,23.66
O00753,C0446,0,0,0,NONE,delivered,0.0,-5.07
O00754,C0725,0,0,1,RESTAURANT_CONTACT,delivered,0.0,-15.84
O00755,C0710,1,0,1,RESTAURANT_CONTACT,delivered,1.0,13.11
O00756,C0693,1,0,0,NONE,delivered,1.0,13.98
O00757,C0785,0,0,1,PRIORITY_DISPATCH,delivered,0.0,-15.01
O00758,C0726,1,0,0,NONE,delivered,1.0,11.73
O00759,C0732,0,0,0,NONE,delivered,0.0,-1.94
O00760,C0020,0,0,0,NONE,delivered,0.0,-18.75
O00761,C0636,0,0,0,NONE,delivered,1.0,3.46
O00762,C0653,1,0,0,NONE,delivered,1.0,17.38
O00763,C0790,0,0,0,NONE,delivered,1.0,5.45
O00764,C0097,0,0,0,NONE,delivered,1.0,3.46
O00765,C0359,0,0,0,NONE,delivered,1.0,13.5
O00766,C0864,0,0,0,NONE,delivered,0.0,-4.5
O00767,C0425,0,0,1,DRIVER_REASSIGNMENT,delivered,0.0,-2.34
O00768,C0772,0,0,0,NONE,delivered,0.0,-13.08
O00769,C0318,0,0,1,DRIVER_REASSIGNMENT,delivered,0.0,-5.49
O00770,C0003,0,0,0,NONE,delivered,1.0,21.32
O00771,C0474,0,0,0,NONE,delivered,0.0,-2.92
O00772,C0833,0,0,1,PRIORITY_DISPATCH,cancelled,,
O00773,C0030,0,0,0,NONE,delivered,0.0,-8.58
O00774,C0260,0,0,0,NONE,delivered,,
O00775,C0072,1,0,0,NONE,delivered,1.0,23.03
O00776,C0554,0,0,1,RESTAURANT_CONTACT,delivered,1.0,3.01
O00777,C0525,0,0,1,DRIVER_REASSIGNMENT,delivered,1.0,5.37
O00778,C0068,0,0,0,NONE,delivered,0.0,-6.8
O00779,C0105,0,0,1,RESTAURANT_CONTACT,delivered,0.0,-4.22
O00780,C0580,0,0,0,NONE,delivered,1.0,10.94
O00781,C0103,0,0,1,PRIORITY_DISPATCH,delivered,1.0,13.07
O00782,C0559,1,0,1,DRIVER_REASSIGNMENT,delivered,1.0,16.86
O00783,C0572,0,0,0,NONE,delivered,0.0,-1.33
O00784,C0825,0,0,0,NONE,delivered,0.0,-12.59
O00785,C0384,0,0,0,NONE,delivered,0.0,-12.89
O00786,C0058,0,0,0,NONE,delivered,1.0,16.09
O00787,C0418,0,0,0,NONE,delivered,1.0,17.03
O00788,C0500,0,0,0,NONE,delivered,0.0,-5.41
O00789,C0534,0,0,0,NONE,delivered,1.0,1.05
O00790,C0587,0,0,0,NONE,delivered,1.0,32.77
O00791,C0666,0,0,1,DRIVER_REASSIGNMENT,delivered,1.0,6.7
O00792,C0871,0,0,0,NONE,delivered,0.0,-11.33
O00793,C0830,1,0,0,NONE,delivered,1.0,19.58
O00794,C0613,0,0,0,NONE,delivered,1.0,11.63
O00795,C0254,0,0,0,NONE,delivered,1.0,1.96
O00796,C0417,0,0,1,DRIVER_REASSIGNMENT,delivered,0.0,-8.94
O00797,C0011,0,0,0,NONE,delivered,1.0,19.58
O00798,C0371,0,0,0,NONE,cancelled,,
O00799,C0009,0,0,1,CUSTOMER_CREDIT,delivered,1.0,13.3
O00800,C0723,0,0,0,NONE,delivered,0.0,-1.72
O00801,C0331,0,0,0,NONE,delivered,1.0,15.04
O00802,C0888,0,0,0,NONE,delivered,0.0,-9.46
O00803,C0880,1,0,0,NONE,delivered,1.0,12.39
O00804,C0031,0,0,0,NONE,delivered,1.0,1.85
O00805,C0661,0,0,0,NONE,delivered,1.0,9.58
O00806,C0885,0,0,0,NONE,delivered,0.0,-0.37
O00807,C0327,0,0,0,NONE,delivered,1.0,1.39
O00808,C0392,0,0,1,PRIORITY_DISPATCH,delivered,1.0,28.4
O00809,C0864,0,0,0,NONE,delivered,0.0,-10.28
O00810,C0274,0,0,0,NONE,delivered,0.0,-4.56
O00811,C0729,0,0,1,DRIVER_REASSIGNMENT,delivered,1.0,13.99
O00812,C0575,0,0,1,RESTAURANT_CONTACT,delivered,0.0,-11.62
O00813,C0304,0,0,0,NONE,delivered,0.0,-4.64
O00814,C0765,0,0,0,NONE,delivered,1.0,22.38
O00815,C0873,0,0,0,NONE,delivered,0.0,-1.69
O00816,C0306,0,0,0,NONE,delivered,1.0,7.0
O00817,C0727,0,0,0,NONE,delivered,0.0,-6.47
O00818,C0790,0,0,0,NONE,delivered,0.0,-11.29
O00819,C0342,1,0,1,DRIVER_REASSIGNMENT,delivered,1.0,20.04
O00820,C0783,0,0,0,NONE,delivered,1.0,3.96
O00821,C0642,0,0,1,DRIVER_REASSIGNMENT,delivered,0.0,-4.15
O00822,C0095,1,0,0,NONE,delivered,0.0,-7.09
O00823,C0301,1,0,0,NONE,delivered,1.0,12.2
O00824,C0399,0,0,0,NONE,cancelled,,
O00825,C0023,0,0,1,DRIVER_REASSIGNMENT,delivered,0.0,-8.82
O00826,C0625,0,0,0,NONE,delivered,1.0,5.1
O00827,C0332,0,0,0,NONE,delivered,0.0,-1.17
O00828,C0838,0,0,1,CUSTOMER_CREDIT,delivered,1.0,9.92
O00829,C0155,0,0,0,NONE,delivered,1.0,1.41
O00830,C0553,0,0,0,NONE,delivered,,
O00831,C0880,0,0,0,NONE,cancelled,,
O00832,C0643,0,0,0,NONE,delivered,0.0,-3.65
O00833,C0343,0,0,0,NONE,delivered,1.0,7.44
O00834,C0398,0,0,0,NONE,delivered,1.0,9.54
O00835,C0803,1,0,1,DRIVER_REASSIGNMENT,delivered,1.0,0.66
O00836,C0263,0,0,0,NONE,delivered,1.0,20.89
O00837,C0343,0,0,0,NONE,delivered,1.0,3.92
O00838,C0276,0,0,0,NONE,delivered,0.0,-11.0
O00839,C0526,0,0,0,NONE,delivered,1.0,3.53
O00840,C0016,0,0,0,NONE,cancelled,,
O00841,C0118,0,0,0,NONE,delivered,1.0,1.64
O00842,C0660,1,0,1,RESTAURANT_CONTACT,delivered,1.0,17.75
O00843,C0439,0,0,0,NONE,delivered,1.0,4.61
O00844,C0588,0,0,0,NONE,delivered,1.0,7.36
O00845,C0597,1,0,1,PRIORITY_DISPATCH,delivered,1.0,11.34
O00846,C0140,0,0,0,NONE,delivered,0.0,-3.21
O00847,C0481,0,0,0,NONE,delivered,1.0,2.32
O00848,C0682,0,0,0,NONE,delivered,0.0,-2.43
O00849,C0739,1,0,0,NONE,delivered,1.0,10.48
O00850,C0412,0,0,0,NONE,delivered,0.0,-8.24
O00851,C0584,0,0,0,NONE,delivered,0.0,-10.8
O00852,C0808,0,0,1,PRIORITY_DISPATCH,delivered,1.0,16.21
O00853,C0335,0,0,1,DRIVER_REASSIGNMENT,delivered,1.0,9.46
O00854,C0575,1,0,0,NONE,delivered,1.0,17.82
O00855,C0377,0,0,0,NONE,delivered,1.0,2.38
O00856,C0735,0,0,0,NONE,delivered,0.0,-9.73
O00857,C0244,1,0,0,NONE,delivered,1.0,10.64
O00858,C0528,0,0,1,PRIORITY_DISPATCH,delivered,1.0,6.7
O00859,C0841,0,0,0,NONE,delivered,0.0,-6.01
O00860,C0518,0,0,1,PRIORITY_DISPATCH,delivered,0.0,-7.87
O00861,C0183,0,0,0,NONE,delivered,1.0,4.97
O00862,C0067,1,0,1,DRIVER_REASSIGNMENT,delivered,1.0,24.1
O00863,C0657,0,0,0,NONE,delivered,0.0,-2.09
O00864,C0237,0,0,0,NONE,delivered,1.0,2.07
O00865,C0272,0,0,0,NONE,delivered,0.0,-9.57
O00866,C0342,0,0,0,NONE,delivered,0.0,-12.15
O00867,C0587,0,0,0,NONE,delivered,1.0,0.8
O00868,C0881,0,0,1,CUSTOMER_CREDIT,delivered,1.0,6.97
O00869,C0519,1,0,0,NONE,delivered,0.0,-4.78
O00870,C0166,0,0,0,NONE,delivered,1.0,3.32
O00871,C0621,0,0,1,RESTAURANT_CONTACT,delivered,0.0,-7.02
O00872,C0139,0,0,1,RESTAURANT_CONTACT,delivered,1.0,2.8
O00873,C0301,0,0,0,NONE,delivered,0.0,-4.12
O00874,C0133,0,0,0,NONE,delivered,1.0,28.01
O00875,C0356,1,0,1,RESTAURANT_CONTACT,delivered,1.0,12.12
O00876,C0754,0,0,0,NONE,delivered,0.0,-14.03
O00877,C0612,0,0,0,NONE,delivered,0.0,-6.46
O00878,C0815,0,0,1,RESTAURANT_CONTACT,delivered,1.0,15.59
O00879,C0049,0,0,0,NONE,delivered,0.0,-0.05
O00880,C0345,0,0,0,NONE,delivered,0.0,-4.38
O00881,C0641,0,0,0,NONE,delivered,1.0,7.85
O00882,C0155,0,0,1,DRIVER_REASSIGNMENT,delivered,0.0,-0.7
O00883,C0769,1,0,0,NONE,delivered,1.0,9.0
O00884,C0177,1,0,1,DRIVER_REASSIGNMENT,delivered,1.0,19.59
O00885,C0316,0,0,1,RESTAURANT_CONTACT,delivered,0.0,-2.33
O00886,C0282,0,0,0,NONE,delivered,0.0,-3.81
O00887,C0579,0,0,0,NONE,delivered,1.0,0.06
O00888,C0774,0,0,1,RESTAURANT_CONTACT,delivered,1.0,7.14
O00889,C0035,0,0,1,DRIVER_REASSIGNMENT,delivered,0.0,-2.18
O00890,C0883,0,0,1,RESTAURANT_CONTACT,delivered,0.0,-5.11
O00891,C0733,0,0,1,DRIVER_REASSIGNMENT,delivered,1.0,1.54
O00892,C0385,0,0,0,NONE,delivered,1.0,20.87
O00893,C0556,1,0,0,NONE,delivered,1.0,30.32
O00894,C0875,0,0,0,NONE,delivered,1.0,5.52
O00895,C0346,0,0,0,NONE,delivered,1.0,3.29
O00896,C0653,0,0,1,DRIVER_REASSIGNMENT,delivered,1.0,30.8
O00897,C0149,0,0,0,NONE,delivered,0.0,-3.47
O00898,C0680,0,0,0,NONE,delivered,1.0,5.49
O00899,C0577,0,0,1,RESTAURANT_CONTACT,delivered,1.0,0.58
O00900,C0106,0,0,1,PRIORITY_DISPATCH,delivered,1.0,1.37
O00901,C0629,0,0,0,NONE,delivered,1.0,1.99
O00902,C0381,0,0,0,NONE,delivered,0.0,-4.27
O00903,C0631,0,0,0,NONE,delivered,1.0,4.71
O00904,C0311,1,0,0,NONE,delivered,1.0,18.12
O00905,C0664,0,0,0,NONE,delivered,1.0,7.21
O00906,C0203,0,0,0,NONE,delivered,1.0,9.45
O00907,C0631,0,0,0,NONE,delivered,0.0,-14.36
O00908,C0459,0,0,0,NONE,delivered,0.0,-19.67
O00909,C0697,0,0,1,RESTAURANT_CONTACT,delivered,1.0,23.72
O00910,C0464,0,0,0,NONE,delivered,,
O00911,C0396,0,0,0,NONE,delivered,0.0,-10.34
O00912,C0141,0,0,0,NONE,delivered,,
O00913,C0692,0,0,0,NONE,delivered,0.0,-11.9
O00914,C0281,0,0,1,DRIVER_REASSIGNMENT,delivered,1.0,6.66
O00915,C0827,0,0,1,CUSTOMER_CREDIT,delivered,0.0,-3.13
O00916,C0082,1,0,0,NONE,delivered,1.0,10.82
O00917,C0531,0,0,0,NONE,delivered,0.0,-5.89
O00918,C0694,0,0,1,RESTAURANT_CONTACT,delivered,0.0,-15.46
O00919,C0698,0,0,0,NONE,delivered,1.0,6.67
O00920,C0520,0,0,0,NONE,delivered,1.0,14.02
O00921,C0403,0,0,0,NONE,delivered,0.0,-5.87
O00922,C0316,0,0,0,NONE,delivered,1.0,6.42
O00923,C0426,0,0,1,CUSTOMER_CREDIT,delivered,0.0,-13.77
O00924,C0674,1,0,0,NONE,delivered,1.0,2.03
O00925,C0896,1,0,0,NONE,delivered,1.0,9.26
O00926,C0462,0,0,0,NONE,delivered,0.0,-0.51
O00927,C0705,0,0,0,NONE,delivered,0.0,-0.23
O00928,C0249,0,0,1,CUSTOMER_CREDIT,delivered,1.0,12.1
O00929,C0859,0,0,0,NONE,delivered,0.0,-4.49
O00930,C0220,1,0,0,NONE,delivered,1.0,29.48
O00931,C0388,0,0,0,NONE,delivered,0.0,-11.48
O00932,C0454,0,0,0,NONE,delivered,0.0,-1.5
O00933,C0645,0,0,1,DRIVER_REASSIGNMENT,delivered,1.0,0.48
O00934,C0761,0,0,0,NONE,delivered,1.0,7.62
O00935,C0094,0,0,0,NONE,delivered,1.0,3.44
O00936,C0767,0,0,0,NONE,delivered,1.0,0.44
O00937,C0889,0,0,0,NONE,delivered,0.0,-3.06
O00938,C0321,0,0,0,NONE,delivered,0.0,-6.64
O00939,C0415,1,0,1,PRIORITY_DISPATCH,delivered,1.0,15.72
O00940,C0404,0,0,1,DRIVER_REASSIGNMENT,delivered,1.0,12.52
O00941,C0826,1,0,0,NONE,delivered,1.0,14.01
O00942,C0834,0,0,0,NONE,delivered,0.0,-7.1
O00943,C0063,0,0,0,NONE,delivered,1.0,3.1
O00944,C0276,0,0,0,NONE,delivered,0.0,-8.31
O00945,C0309,0,0,0,NONE,delivered,1.0,23.81
O00946,C0815,0,0,0,NONE,delivered,0.0,-11.42
O00947,C0814,1,0,1,DRIVER_REASSIGNMENT,delivered,1.0,8.51
O00948,C0345,0,0,0,NONE,delivered,1.0,20.0
O00949,C0265,0,0,0,NONE,delivered,0.0,-8.55
O00950,C0070,0,0,0,NONE,delivered,1.0,8.69
O00951,C0077,0,0,1,DRIVER_REASSIGNMENT,delivered,0.0,-4.15
O00952,C0218,1,0,0,NONE,delivered,1.0,12.01
O00953,C0773,0,0,1,PRIORITY_DISPATCH,delivered,0.0,-11.58
O00954,C0217,1,0,1,DRIVER_REASSIGNMENT,delivered,1.0,21.62
O00955,C0703,1,0,0,NONE,delivered,1.0,10.58
O00956,C0499,0,0,0,NONE,delivered,1.0,0.37
O00957,C0167,0,0,0,NONE,delivered,1.0,7.53
O00958,C0295,0,0,1,DRIVER_REASSIGNMENT,cancelled,,
O00959,C0640,0,0,0,NONE,delivered,1.0,8.48
O00960,C0682,1,0,0,NONE,delivered,1.0,6.8
O00961,C0357,0,0,0,NONE,delivered,1.0,2.66
O00962,C0484,0,0,1,DRIVER_REASSIGNMENT,delivered,0.0,-0.13
O00963,C0255,0,0,0,NONE,delivered,0.0,-7.84
O00964,C0092,0,0,0,NONE,delivered,0.0,-17.21
O00965,C0396,0,0,1,RESTAURANT_CONTACT,delivered,0.0,-4.86
O00966,C0784,0,0,0,NONE,delivered,0.0,-2.52
O00967,C0317,0,0,1,RESTAURANT_CONTACT,delivered,0.0,-5.54
O00968,C0799,0,0,0,NONE,delivered,0.0,-5.74
O00969,C0326,0,0,1,PRIORITY_DISPATCH,delivered,0.0,-6.8
O00970,C0200,1,0,0,NONE,delivered,1.0,12.15
O00971,C0261,0,0,0,NONE,delivered,0.0,-2.01
O00972,C0506,0,0,0,NONE,delivered,1.0,16.11
O00973,C0046,0,0,1,DRIVER_REASSIGNMENT,delivered,1.0,0.99
O00974,C0500,0,0,0,NONE,delivered,0.0,-7.35
O00975,C0446,0,0,1,PRIORITY_DISPATCH,delivered,0.0,-2.48
O00976,C0858,0,0,0,NONE,delivered,1.0,15.56
O00977,C0254,1,0,0,NONE,delivered,1.0,31.92
O00978,C0889,0,0,0,NONE,delivered,0.0,-2.05
O00979,C0450,0,0,0,NONE,delivered,0.0,-12.04
O00980,C0015,1,0,0,NONE,delivered,1.0,23.88
O00981,C0208,0,0,1,DRIVER_REASSIGNMENT,delivered,1.0,3.69
O00982,C0798,0,0,0,NONE,delivered,1.0,1.79
O00983,C0556,1,0,0,NONE,delivered,0.0,-11.96
O00984,C0075,0,0,0,NONE,delivered,1.0,7.08
O00985,C0579,0,0,1,DRIVER_REASSIGNMENT,delivered,1.0,1.62
O00986,C0713,0,0,1,DRIVER_REASSIGNMENT,delivered,0.0,-4.17
O00987,C0617,0,0,0,NONE,delivered,0.0,-14.37
O00988,C0389,1,0,0,NONE,delivered,1.0,9.94
O00989,C0781,0,0,0,NONE,delivered,0.0,-8.49
O00990,C0637,0,0,1,DRIVER_REASSIGNMENT,delivered,0.0,-6.65
O00991,C0164,1,0,0,NONE,delivered,1.0,11.43
O00992,C0568,0,0,0,NONE,delivered,1.0,25.37
O00993,C0283,0,0,1,RESTAURANT_CONTACT,delivered,1.0,9.24
O00994,C0217,0,0,0,NONE,delivered,1.0,0.57
O00995,C0746,1,0,0,NONE,delivered,1.0,31.72
O00996,C0563,0,0,1,RESTAURANT_CONTACT,delivered,0.0,-3.02
O00997,C0417,1,0,0,NONE,delivered,1.0,12.1
O00998,C0706,0,0,1,RESTAURANT_CONTACT,delivered,0.0,-10.09
O00999,C0845,0,0,0,NONE,delivered,0.0,-1.49
O01000,C0877,0,0,1,PRIORITY_DISPATCH,delivered,1.0,3.98
O01001,C0181,0,0,1,DRIVER_REASSIGNMENT,delivered,1.0,9.0
O01002,C0022,1,0,1,RESTAURANT_CONTACT,delivered,1.0,7.64
O01003,C0622,0,0,1,DRIVER_REASSIGNMENT,delivered,0.0,-8.76
O01004,C0502,0,0,1,RESTAURANT_CONTACT,delivered,0.0,-11.2
O01005,C0365,0,0,0,NONE,delivered,1.0,4.44
O01006,C0582,1,0,0,NONE,delivered,1.0,13.66
O01007,C0633,0,0,1,RESTAURANT_CONTACT,delivered,0.0,-11.08
O01008,C0027,0,0,1,DRIVER_REASSIGNMENT,delivered,0.0,-5.91
O01009,C0148,0,0,0,NONE,delivered,0.0,-4.71
O01010,C0200,0,0,0,NONE,delivered,1.0,4.18
O01011,C0654,0,0,0,NONE,delivered,0.0,-0.36
O01012,C0895,0,0,1,DRIVER_REASSIGNMENT,delivered,1.0,2.06
O01013,C0590,0,0,0,NONE,delivered,0.0,-4.14
O01014,C0799,0,0,0,NONE,delivered,,
O01015,C0280,0,0,0,NONE,delivered,0.0,-11.98
O01016,C0080,0,0,1,PRIORITY_DISPATCH,delivered,0.0,-1.69
O01017,C0693,0,0,0,NONE,delivered,1.0,0.19
O01018,C0845,0,0,1,RESTAURANT_CONTACT,delivered,0.0,-6.11
O01019,C0815,0,0,0,NONE,delivered,0.0,-9.8
O01020,C0816,1,0,1,PRIORITY_DISPATCH,delivered,1.0,7.23
O01021,C0290,0,0,0,NONE,delivered,1.0,1.04
O01022,C0831,0,0,0,NONE,delivered,0.0,-19.3
O01023,C0116,0,0,1,RESTAURANT_CONTACT,cancelled,,
O01024,C0232,0,0,0,NONE,delivered,1.0,16.67
O01025,C0392,0,0,1,PRIORITY_DISPATCH,delivered,0.0,-7.9
O01026,C0786,0,0,0,NONE,delivered,0.0,-6.62
O01027,C0285,0,0,0,NONE,delivered,0.0,-0.59
O01028,C0080,0,0,0,NONE,delivered,1.0,12.46
O01029,C0605,0,0,0,NONE,delivered,1.0,6.82
O01030,C0408,1,0,0,NONE,delivered,1.0,21.36
O01031,C0526,0,0,1,PRIORITY_DISPATCH,delivered,1.0,1.62
O01032,C0605,0,0,0,NONE,delivered,1.0,2.72
O01033,C0069,0,0,0,NONE,delivered,1.0,20.69
O01034,C0261,0,0,0,NONE,delivered,,
O01035,C0316,1,0,0,NONE,delivered,1.0,8.58
O01036,C0276,0,0,0,NONE,delivered,1.0,14.23
O01037,C0676,0,0,0,NONE,delivered,0.0,-2.77
O01038,C0760,0,0,0,NONE,delivered,0.0,-9.15
O01039,C0186,0,0,0,NONE,delivered,0.0,-3.75
O01040,C0601,0,0,0,NONE,delivered,0.0,-3.16
O01041,C0209,1,0,0,NONE,delivered,1.0,27.44
O01042,C0275,0,0,0,NONE,delivered,1.0,14.95
O01043,C0101,0,0,0,NONE,delivered,1.0,2.34
O01044,C0249,0,0,0,NONE,delivered,1.0,1.2
O01045,C0608,0,0,0,NONE,delivered,0.0,-2.92
O01046,C0850,0,0,0,NONE,delivered,1.0,13.46
O01047,C0518,0,0,0,NONE,delivered,1.0,10.26
O01048,C0848,0,0,0,NONE,delivered,1.0,5.2
O01049,C0090,0,0,0,NONE,delivered,1.0,6.2
O01050,C0649,0,0,0,NONE,delivered,0.0,-2.98
O01051,C0571,0,0,0,NONE,delivered,0.0,-3.64
O01052,C0704,0,0,0,NONE,delivered,,
O01053,C0821,0,0,0,NONE,delivered,0.0,-5.32
O01054,C0482,0,0,0,NONE,delivered,1.0,12.23
O01055,C0076,0,0,1,RESTAURANT_CONTACT,delivered,0.0,-2.32
O01056,C0898,0,0,0,NONE,delivered,0.0,-9.55
O01057,C0278,0,0,0,NONE,delivered,1.0,0.22
O01058,C0356,0,0,1,CUSTOMER_CREDIT,cancelled,,
O01059,C0505,0,0,0,NONE,delivered,1.0,19.91
O01060,C0057,0,0,1,DRIVER_REASSIGNMENT,delivered,1.0,3.45
O01061,C0683,0,0,0,NONE,delivered,1.0,0.43
O01062,C0424,0,0,0,NONE,delivered,1.0,3.46
O01063,C0171,0,0,0,NONE,delivered,1.0,0.56
O01064,C0533,0,0,0,NONE,delivered,1.0,4.3
O01065,C0689,0,0,0,NONE,delivered,1.0,4.26
O01066,C0025,0,0,0,NONE,cancelled,,
O01067,C0788,0,0,0,NONE,delivered,1.0,0.07
O01068,C0244,0,0,1,RESTAURANT_CONTACT,delivered,0.0,-1.24
O01069,C0789,0,0,0,NONE,delivered,0.0,-2.05
O01070,C0436,0,0,0,NONE,delivered,1.0,1.04
O01071,C0379,0,0,1,PRIORITY_DISPATCH,delivered,1.0,10.74
O01072,C0689,0,0,1,RESTAURANT_CONTACT,delivered,1.0,4.91
O01073,C0011,0,0,0,NONE,delivered,0.0,-1.79
O01074,C0305,0,0,0,NONE,delivered,1.0,6.83
O01075,C0491,0,0,0,NONE,delivered,1.0,6.58
O01076,C0274,1,0,0,NONE,delivered,1.0,12.2
O01077,C0463,0,0,1,PRIORITY_DISPATCH,cancelled,,
O01078,C0563,0,0,1,DRIVER_REASSIGNMENT,cancelled,,
O01079,C0686,0,0,0,NONE,delivered,0.0,-0.84
O01080,C0625,0,0,0,NONE,delivered,,
O01081,C0554,0,0,0,NONE,delivered,1.0,50.27
O01082,C0677,1,0,0,NONE,delivered,1.0,5.68
O01083,C0281,1,0,0,NONE,delivered,1.0,14.1
O01084,C0823,0,0,0,NONE,delivered,0.0,-4.12
O01085,C0846,0,0,0,NONE,delivered,0.0,-9.2
O01086,C0273,0,0,0,NONE,delivered,0.0,-13.84
O01087,C0714,1,0,0,NONE,delivered,1.0,8.45
O01088,C0488,0,0,0,NONE,delivered,1.0,4.59
O01089,C0424,1,0,0,NONE,delivered,1.0,8.58
O01090,C0338,0,0,0,NONE,delivered,0.0,-7.18
O01091,C0609,0,0,0,NONE,delivered,0.0,-0.15
O01092,C0858,0,0,0,NONE,delivered,1.0,2.01
O01093,C0064,0,0,0,NONE,delivered,0.0,-19.99
O01094,C0216,1,0,1,CUSTOMER_CREDIT,delivered,1.0,17.48
O01095,C0894,0,0,0,NONE,delivered,0.0,-9.11
O01096,C0456,0,0,0,NONE,cancelled,,
O01097,C0551,0,0,0,NONE,delivered,1.0,2.09
O01098,C0023,0,0,0,NONE,delivered,0.0,-0.25
O01099,C0016,1,0,0,NONE,delivered,1.0,11.31
O01100,C0496,0,0,0,NONE,delivered,0.0,-14.18
O01101,C0164,0,0,0,NONE,delivered,1.0,1.28
O01102,C0634,0,0,0,NONE,delivered,1.0,44.95
O01103,C0642,0,0,0,NONE,delivered,1.0,6.91
O01104,C0642,0,0,0,NONE,delivered,0.0,-7.87
O01105,C0526,0,0,0,NONE,delivered,1.0,3.76
O01106,C0268,1,1,0,NONE,delivered,1.0,19.02
O01107,C0660,1,0,0,NONE,delivered,1.0,13.02
O01108,C0010,0,0,1,CUSTOMER_CREDIT,delivered,0.0,-4.8
O01109,C0299,0,0,0,NONE,delivered,0.0,-14.26
O01110,C0155,0,0,0,NONE,delivered,1.0,2.61
O01111,C0072,0,0,0,NONE,delivered,1.0,18.02
O01112,C0215,0,0,1,CUSTOMER_CREDIT,delivered,1.0,2.32
O01113,C0411,0,0,1,RESTAURANT_CONTACT,delivered,0.0,-9.09
O01114,C0352,0,0,1,RESTAURANT_CONTACT,delivered,1.0,1.2
O01115,C0813,0,0,1,DRIVER_REASSIGNMENT,delivered,0.0,-0.95
O01116,C0324,0,0,0,NONE,delivered,0.0,-9.73
O01117,C0810,0,0,1,CUSTOMER_CREDIT,delivered,0.0,-16.32
O01118,C0210,0,0,0,NONE,delivered,1.0,7.77
O01119,C0365,0,0,1,RESTAURANT_CONTACT,cancelled,,
O01120,C0295,0,0,0,NONE,delivered,1.0,10.44
O01121,C0201,0,0,0,NONE,delivered,0.0,-1.21
O01122,C0680,0,0,1,RESTAURANT_CONTACT,delivered,0.0,-3.06
O01123,C0098,0,0,0,NONE,delivered,0.0,-4.13
O01124,C0176,0,0,0,NONE,delivered,0.0,-8.48
O01125,C0249,0,0,0,NONE,delivered,0.0,-12.9
O01126,C0674,0,0,0,NONE,delivered,0.0,-18.46
O01127,C0610,0,0,0,NONE,delivered,1.0,1.21
O01128,C0512,0,0,0,NONE,delivered,1.0,2.17
O01129,C0866,0,0,0,NONE,delivered,1.0,1.05
O01130,C0866,0,0,0,NONE,delivered,0.0,-8.45
O01131,C0532,0,0,0,NONE,delivered,0.0,-2.8
O01132,C0367,0,0,1,RESTAURANT_CONTACT,delivered,1.0,21.39
O01133,C0890,0,0,0,NONE,delivered,1.0,19.1
O01134,C0795,0,0,0,NONE,delivered,1.0,2.98
O01135,C0721,0,0,0,NONE,delivered,1.0,6.23
O01136,C0681,0,0,0,NONE,delivered,1.0,2.83
O01137,C0119,0,0,0,NONE,delivered,1.0,0.42
O01138,C0373,0,0,1,RESTAURANT_CONTACT,delivered,1.0,10.42
O01139,C0294,0,0,1,PRIORITY_DISPATCH,delivered,0.0,-4.5
O01140,C0555,0,0,0,NONE,delivered,1.0,2.45
O01141,C0520,0,0,1,DRIVER_REASSIGNMENT,delivered,1.0,15.37
O01142,C0528,1,0,0,NONE,delivered,1.0,6.57
O01143,C0053,0,0,1,CUSTOMER_CREDIT,delivered,1.0,0.96
O01144,C0788,1,0,0,NONE,delivered,1.0,30.13
O01145,C0448,0,0,0,NONE,delivered,1.0,1.19
O01146,C0364,0,0,0,NONE,delivered,1.0,6.19
O01147,C0457,0,0,1,DRIVER_REASSIGNMENT,delivered,1.0,4.03
O01148,C0406,0,0,1,RESTAURANT_CONTACT,delivered,1.0,7.42
O01149,C0475,0,0,0,NONE,delivered,,
O01150,C0052,0,0,0,NONE,cancelled,,
O01151,C0424,0,0,1,PRIORITY_DISPATCH,delivered,0.0,-7.15
O01152,C0018,1,0,0,NONE,delivered,1.0,8.19
O01153,C0581,1,0,0,NONE,delivered,1.0,21.04
O01154,C0561,0,0,0,NONE,delivered,0.0,-4.17
O01155,C0681,0,0,0,NONE,delivered,0.0,-10.6
O01156,C0353,0,0,0,NONE,delivered,1.0,6.61
O01157,C0175,0,0,1,DRIVER_REASSIGNMENT,cancelled,,
O01158,C0367,0,0,0,NONE,delivered,0.0,-4.73
O01159,C0549,0,0,0,NONE,delivered,1.0,0.71
O01160,C0498,1,0,1,CUSTOMER_CREDIT,delivered,1.0,19.07
O01161,C0551,0,0,1,DRIVER_REASSIGNMENT,delivered,0.0,-3.98
O01162,C0637,0,0,0,NONE,delivered,0.0,-5.5
O01163,C0799,0,0,0,NONE,delivered,1.0,0.36
O01164,C0273,1,0,0,NONE,delivered,1.0,8.53
O01165,C0857,0,0,0,NONE,delivered,1.0,9.0
O01166,C0390,0,0,0,NONE,delivered,0.0,-6.38
O01167,C0446,1,0,0,NONE,delivered,1.0,19.02
O01168,C0055,0,0,0,NONE,delivered,1.0,2.44
O01169,C0097,0,1,0,NONE,delivered,1.0,21.83
O01170,C0125,1,0,1,CUSTOMER_CREDIT,delivered,1.0,15.21
O01171,C0018,0,0,0,NONE,delivered,0.0,-4.23
O01172,C0806,0,0,0,NONE,delivered,0.0,-6.97
O01173,C0345,0,0,0,NONE,delivered,0.0,-11.24
O01174,C0627,0,0,0,NONE,delivered,0.0,-11.48
O01175,C0001,0,0,0,NONE,delivered,,
O01176,C0761,0,0,0,NONE,delivered,1.0,13.13
O01177,C0167,0,0,1,RESTAURANT_CONTACT,delivered,0.0,-2.37
O01178,C0581,0,0,0,NONE,delivered,1.0,10.33
O01179,C0092,0,0,0,NONE,delivered,1.0,12.8
O01180,C0111,0,0,0,NONE,delivered,1.0,9.93
O01181,C0194,0,0,1,PRIORITY_DISPATCH,delivered,0.0,-2.79
O01182,C0423,0,0,1,CUSTOMER_CREDIT,delivered,1.0,7.45
O01183,C0761,1,0,0,NONE,delivered,1.0,14.83
O01184,C0860,0,0,1,DRIVER_REASSIGNMENT,delivered,0.0,-5.92
O01185,C0881,1,0,0,NONE,delivered,1.0,12.14
O01186,C0872,0,0,0,NONE,delivered,0.0,-0.42
O01187,C0450,0,0,1,PRIORITY_DISPATCH,delivered,1.0,23.54
O01188,C0137,0,0,1,PRIORITY_DISPATCH,delivered,1.0,1.12
O01189,C0129,0,0,1,DRIVER_REASSIGNMENT,delivered,1.0,2.6
O01190,C0240,0,0,0,NONE,delivered,0.0,-5.77
O01191,C0596,1,0,0,NONE,delivered,1.0,6.76
O01192,C0020,0,0,1,PRIORITY_DISPATCH,delivered,0.0,-3.47
O01193,C0316,0,0,1,RESTAURANT_CONTACT,delivered,0.0,-2.14
O01194,C0775,0,0,0,NONE,delivered,1.0,3.65
O01195,C0106,0,0,0,NONE,delivered,,
O01196,C0227,0,0,0,NONE,delivered,0.0,-8.49
O01197,C0032,1,0,0,NONE,delivered,1.0,31.61
O01198,C0093,1,0,1,CUSTOMER_CREDIT,delivered,1.0,6.92
O01199,C0556,0,0,1,RESTAURANT_CONTACT,delivered,0.0,-1.23
O01200,C0756,0,0,1,DRIVER_REASSIGNMENT,delivered,0.0,-3.55
O01201,C0824,0,0,1,RESTAURANT_CONTACT,delivered,1.0,1.79
O01202,C0390,0,0,0,NONE,delivered,0.0,-0.55
O01203,C0585,1,0,0,NONE,delivered,1.0,9.23
O01204,C0534,0,0,0,NONE,delivered,1.0,1.17
O01205,C0100,0,0,1,DRIVER_REASSIGNMENT,delivered,1.0,4.47
O01206,C0239,0,0,1,PRIORITY_DISPATCH,delivered,,
O01207,C0467,0,0,0,NONE,delivered,0.0,-12.38
O01208,C0472,0,0,0,NONE,delivered,0.0,-4.98
O01209,C0865,1,0,0,NONE,delivered,0.0,-6.42
O01210,C0338,0,0,1,PRIORITY_DISPATCH,delivered,1.0,6.13
O01211,C0076,0,0,0,NONE,delivered,0.0,-0.38
O01212,C0807,1,0,0,NONE,delivered,1.0,9.71
O01213,C0183,1,0,1,DRIVER_REASSIGNMENT,delivered,1.0,7.94
O01214,C0701,1,0,0,NONE,delivered,,
O01215,C0281,1,0,0,NONE,delivered,0.0,-3.4
O01216,C0574,0,0,0,NONE,delivered,1.0,3.97
O01217,C0400,0,0,1,RESTAURANT_CONTACT,delivered,1.0,23.63
O01218,C0121,0,0,0,NONE,delivered,0.0,-18.8
O01219,C0670,0,0,0,NONE,delivered,1.0,0.41
O01220,C0582,0,0,0,NONE,delivered,0.0,-5.49
O01221,C0840,0,0,1,DRIVER_REASSIGNMENT,delivered,0.0,-2.79
O01222,C0463,0,0,0,NONE,cancelled,,
O01223,C0380,0,0,0,NONE,delivered,0.0,-4.29
O01224,C0800,0,0,0,NONE,delivered,1.0,1.73
O01225,C0316,0,0,1,DRIVER_REASSIGNMENT,delivered,0.0,-16.46
O01226,C0637,0,0,0,NONE,delivered,0.0,-1.35
O01227,C0407,0,0,0,NONE,delivered,0.0,-1.53
O01228,C0349,0,0,0,NONE,delivered,0.0,-20.06
O01229,C0232,0,0,0,NONE,delivered,0.0,-8.67
O01230,C0292,1,0,0,NONE,delivered,1.0,6.75
O01231,C0689,0,0,0,NONE,delivered,0.0,-10.61
O01232,C0671,1,0,0,NONE,delivered,1.0,22.05
O01233,C0426,1,0,0,NONE,delivered,1.0,23.39
O01234,C0205,0,0,0,NONE,delivered,0.0,-6.99
O01235,C0772,1,0,0,NONE,delivered,1.0,32.0
O01236,C0215,0,0,0,NONE,delivered,0.0,-3.04
O01237,C0329,0,0,0,NONE,cancelled,,
O01238,C0265,0,0,1,DRIVER_REASSIGNMENT,delivered,1.0,6.66
O01239,C0628,0,0,0,NONE,delivered,0.0,-7.86
O01240,C0326,0,0,1,RESTAURANT_CONTACT,cancelled,,
O01241,C0181,0,0,0,NONE,delivered,0.0,-6.62
O01242,C0435,0,0,0,NONE,delivered,0.0,-9.28
O01243,C0226,0,0,0,NONE,delivered,1.0,2.43
O01244,C0026,0,0,0,NONE,delivered,1.0,4.47
O01245,C0637,1,0,0,NONE,delivered,1.0,12.97
O01246,C0436,0,0,1,RESTAURANT_CONTACT,delivered,1.0,22.49
O01247,C0540,0,0,1,DRIVER_REASSIGNMENT,delivered,1.0,2.19
O01248,C0482,0,0,1,DRIVER_REASSIGNMENT,delivered,1.0,12.52
O01249,C0826,0,0,0,NONE,delivered,0.0,-4.58
O01250,C0222,0,0,0,NONE,delivered,1.0,17.04
O01251,C0181,0,0,1,DRIVER_REASSIGNMENT,delivered,1.0,5.47
O01252,C0039,0,0,0,NONE,delivered,,
O01253,C0217,0,0,0,NONE,delivered,0.0,-11.26
O01254,C0302,0,0,0,NONE,delivered,1.0,4.93
O01255,C0679,0,0,0,NONE,delivered,1.0,4.93
O01256,C0721,0,0,0,NONE,delivered,0.0,-0.99
O01257,C0572,0,0,0,NONE,delivered,1.0,9.89
O01258,C0464,0,0,0,NONE,delivered,1.0,5.47
O01259,C0267,0,0,1,DRIVER_REASSIGNMENT,delivered,1.0,4.02
O01260,C0654,0,0,0,NONE,delivered,0.0,-4.89
O01261,C0821,0,0,0,NONE,delivered,0.0,-4.39
O01262,C0200,0,0,0,NONE,delivered,0.0,-3.5
O01263,C0691,0,0,0,NONE,delivered,0.0,-12.18
O01264,C0259,0,0,0,NONE,delivered,0.0,-10.27
O01265,C0272,0,0,0,NONE,delivered,0.0,-1.19
O01266,C0426,0,0,1,RESTAURANT_CONTACT,delivered,1.0,13.14
O01267,C0802,1,0,1,CUSTOMER_CREDIT,delivered,1.0,7.55
O01268,C0881,1,0,0,NONE,delivered,1.0,29.82
O01269,C0626,0,0,0,NONE,delivered,1.0,4.75
O01270,C0035,1,0,0,NONE,delivered,1.0,15.68
O01271,C0288,0,0,1,RESTAURANT_CONTACT,delivered,0.0,-6.56
O01272,C0807,1,0,1,DRIVER_REASSIGNMENT,delivered,1.0,12.42
O01273,C0716,0,0,0,NONE,cancelled,,
O01274,C0338,0,0,0,NONE,delivered,1.0,0.33
O01275,C0244,0,0,0,NONE,delivered,0.0,-9.45
O01276,C0251,0,0,0,NONE,delivered,1.0,3.26
O01277,C0798,0,0,1,CUSTOMER_CREDIT,delivered,1.0,1.15
O01278,C0538,1,0,0,NONE,delivered,1.0,6.55
O01279,C0262,0,0,0,NONE,delivered,1.0,6.66
O01280,C0394,1,0,0,NONE,delivered,1.0,11.76
O01281,C0552,1,0,1,DRIVER_REASSIGNMENT,delivered,1.0,6.64
O01282,C0778,0,0,1,RESTAURANT_CONTACT,delivered,1.0,7.63
O01283,C0050,0,0,0,NONE,delivered,0.0,-2.34
O01284,C0432,0,0,1,CUSTOMER_CREDIT,delivered,0.0,-8.53
O01285,C0886,0,0,0,NONE,delivered,0.0,-3.73
O01286,C0295,0,0,1,DRIVER_REASSIGNMENT,delivered,1.0,1.32
O01287,C0084,0,0,0,NONE,delivered,0.0,-3.82
O01288,C0282,0,0,1,DRIVER_REASSIGNMENT,cancelled,,
O01289,C0004,0,0,0,NONE,delivered,1.0,4.4
O01290,C0523,0,0,0,NONE,delivered,0.0,-4.45
O01291,C0301,1,0,0,NONE,delivered,1.0,13.08
O01292,C0498,0,0,0,NONE,delivered,0.0,-11.23
O01293,C0512,1,0,0,NONE,delivered,1.0,11.57
O01294,C0269,0,0,0,NONE,delivered,1.0,7.11
O01295,C0630,0,0,1,PRIORITY_DISPATCH,delivered,1.0,1.63
O01296,C0265,1,0,0,NONE,delivered,1.0,20.78
O01297,C0348,0,0,0,NONE,delivered,1.0,7.48
O01298,C0121,0,0,0,NONE,delivered,1.0,6.98
O01299,C0800,0,0,0,NONE,delivered,0.0,-5.31
O01300,C0045,1,0,0,NONE,delivered,1.0,16.2
O01301,C0342,0,0,1,RESTAURANT_CONTACT,delivered,1.0,6.69
O01302,C0116,0,0,0,NONE,delivered,1.0,4.62
O01303,C0487,0,0,0,NONE,delivered,1.0,0.59
O01304,C0831,0,0,0,NONE,delivered,0.0,-0.91
O01305,C0729,0,0,1,DRIVER_REASSIGNMENT,delivered,0.0,-17.83
O01306,C0629,1,0,0,NONE,delivered,1.0,1.71
O01307,C0086,1,1,0,NONE,delivered,1.0,23.6
O01308,C0581,0,0,0,NONE,delivered,0.0,-2.8
O01309,C0374,0,0,0,NONE,delivered,0.0,-2.57
O01310,C0122,1,0,0,NONE,delivered,1.0,11.74
O01311,C0203,0,0,0,NONE,delivered,,
O01312,C0206,0,0,0,NONE,delivered,1.0,37.01
O01313,C0838,1,0,1,CUSTOMER_CREDIT,delivered,1.0,16.16
O01314,C0162,1,0,0,NONE,delivered,1.0,17.51
O01315,C0803,0,0,0,NONE,delivered,1.0,12.47
O01316,C0808,0,0,0,NONE,delivered,0.0,-3.16
O01317,C0365,1,0,0,NONE,delivered,0.0,-1.11
O01318,C0340,0,0,1,CUSTOMER_CREDIT,delivered,0.0,-4.24
O01319,C0239,0,0,0,NONE,delivered,0.0,-3.42
O01320,C0330,0,0,0,NONE,delivered,1.0,6.6
O01321,C0179,0,0,0,NONE,delivered,1.0,21.7
O01322,C0460,0,0,1,DRIVER_REASSIGNMENT,delivered,1.0,1.01
O01323,C0084,1,0,0,NONE,delivered,1.0,22.3
O01324,C0290,0,0,0,NONE,delivered,0.0,-15.18
O01325,C0382,1,0,0,NONE,delivered,1.0,5.34
O01326,C0051,0,0,1,CUSTOMER_CREDIT,delivered,0.0,-0.18
O01327,C0702,1,0,1,CUSTOMER_CREDIT,delivered,0.0,-2.26
O01328,C0878,1,1,0,NONE,delivered,1.0,23.33
O01329,C0436,0,0,0,NONE,delivered,0.0,-11.69
O01330,C0078,0,0,0,NONE,delivered,1.0,16.3
O01331,C0744,0,0,1,DRIVER_REASSIGNMENT,delivered,1.0,14.09
O01332,C0585,0,0,1,PRIORITY_DISPATCH,cancelled,,
O01333,C0479,0,0,0,NONE,delivered,1.0,2.85
O01334,C0692,0,0,0,NONE,delivered,1.0,7.21
O01335,C0736,0,0,1,RESTAURANT_CONTACT,delivered,1.0,1.83
O01336,C0238,0,0,1,DRIVER_REASSIGNMENT,delivered,1.0,9.28
O01337,C0274,0,0,0,NONE,delivered,0.0,-1.75
O01338,C0327,1,1,0,NONE,delivered,1.0,18.57
O01339,C0604,0,0,0,NONE,delivered,0.0,-0.8
O01340,C0080,0,0,0,NONE,delivered,0.0,-0.73
O01341,C0478,0,0,0,NONE,delivered,1.0,9.97
O01342,C0381,0,0,0,NONE,delivered,0.0,-3.59
O01343,C0859,0,0,0,NONE,delivered,,
O01344,C0134,0,0,0,NONE,delivered,1.0,1.53
O01345,C0161,0,0,1,DRIVER_REASSIGNMENT,delivered,0.0,-8.19
O01346,C0574,0,0,0,NONE,cancelled,,
O01347,C0771,0,0,1,DRIVER_REASSIGNMENT,delivered,0.0,-4.41
O01348,C0045,0,0,1,RESTAURANT_CONTACT,delivered,0.0,-13.81
O01349,C0771,1,0,0,NONE,delivered,1.0,12.69
O01350,C0149,0,0,0,NONE,delivered,0.0,-6.08
O01351,C0205,1,0,0,NONE,delivered,1.0,11.29
O01352,C0892,0,0,1,RESTAURANT_CONTACT,delivered,0.0,-4.44
O01353,C0191,0,0,0,NONE,delivered,1.0,0.6
O01354,C0506,0,0,0,NONE,delivered,1.0,0.71
O01355,C0661,0,0,0,NONE,delivered,0.0,-6.96
O01356,C0196,0,0,1,RESTAURANT_CONTACT,delivered,1.0,7.3
O01357,C0583,0,0,0,NONE,cancelled,,
O01358,C0311,1,0,0,NONE,delivered,0.0,-14.13
O01359,C0249,0,0,0,NONE,delivered,1.0,1.37
O01360,C0877,0,0,1,RESTAURANT_CONTACT,delivered,1.0,4.79
O01361,C0131,0,0,0,NONE,delivered,0.0,-13.11
O01362,C0448,1,0,1,DRIVER_REASSIGNMENT,delivered,1.0,12.83
O01363,C0337,0,0,0,NONE,delivered,0.0,-6.91
O01364,C0078,0,0,0,NONE,delivered,0.0,-8.01
O01365,C0896,1,0,0,NONE,delivered,1.0,19.03
O01366,C0809,0,0,0,NONE,delivered,1.0,11.54
O01367,C0826,0,0,0,NONE,delivered,1.0,9.55
O01368,C0168,0,0,0,NONE,delivered,0.0,-5.52
O01369,C0632,0,0,0,NONE,delivered,0.0,-3.05
O01370,C0383,0,0,0,NONE,delivered,1.0,3.68
O01371,C0594,0,0,0,NONE,delivered,1.0,8.69
O01372,C0293,0,0,1,PRIORITY_DISPATCH,delivered,0.0,-11.69
O01373,C0299,0,0,0,NONE,delivered,,
O01374,C0288,0,0,1,RESTAURANT_CONTACT,delivered,0.0,-5.38
O01375,C0802,0,0,0,NONE,delivered,0.0,-0.04
O01376,C0456,0,0,0,NONE,delivered,0.0,-9.69
O01377,C0099,0,0,0,NONE,delivered,1.0,0.5
O01378,C0391,0,0,1,PRIORITY_DISPATCH,cancelled,,
O01379,C0613,0,0,0,NONE,delivered,0.0,-8.56
O01380,C0743,1,0,0,NONE,delivered,1.0,1.39
O01381,C0458,0,0,0,NONE,delivered,0.0,-6.03
O01382,C0561,0,0,0,NONE,delivered,0.0,-0.13
O01383,C0701,0,0,0,NONE,delivered,0.0,-3.65
O01384,C0859,0,0,1,PRIORITY_DISPATCH,delivered,0.0,-3.67
O01385,C0863,0,0,0,NONE,delivered,1.0,0.41
O01386,C0217,0,0,1,DRIVER_REASSIGNMENT,delivered,0.0,-5.6
O01387,C0239,0,0,0,NONE,delivered,1.0,6.65
O01388,C0745,0,0,0,NONE,delivered,0.0,-4.97
O01389,C0812,0,0,0,NONE,delivered,0.0,-9.95
O01390,C0499,1,0,0,NONE,delivered,0.0,-6.7
O01391,C0408,0,0,0,NONE,delivered,0.0,-0.11
O01392,C0268,0,0,0,NONE,delivered,0.0,-9.74
O01393,C0011,0,0,1,CUSTOMER_CREDIT,delivered,1.0,3.09
O01394,C0795,0,0,1,CUSTOMER_CREDIT,delivered,1.0,8.79
O01395,C0839,0,0,0,NONE,delivered,1.0,0.12
O01396,C0263,0,0,1,PRIORITY_DISPATCH,delivered,0.0,-3.89
O01397,C0222,0,0,1,PRIORITY_DISPATCH,delivered,0.0,-2.06
O01398,C0285,0,0,0,NONE,delivered,,
O01399,C0833,0,0,0,NONE,delivered,0.0,-0.6
O01400,C0348,1,0,0,NONE,delivered,1.0,6.96
O01401,C0598,0,0,1,RESTAURANT_CONTACT,delivered,0.0,-1.29
O01402,C0853,0,0,0,NONE,delivered,1.0,0.49
O01403,C0497,0,0,0,NONE,delivered,1.0,36.93
O01404,C0714,0,0,1,PRIORITY_DISPATCH,delivered,0.0,-5.61
O01405,C0220,0,0,0,NONE,delivered,1.0,9.5
O01406,C0546,0,0,0,NONE,delivered,1.0,4.32
O01407,C0340,0,0,1,CUSTOMER_CREDIT,delivered,0.0,-8.47
O01408,C0499,0,0,1,DRIVER_REASSIGNMENT,delivered,1.0,27.74
O01409,C0650,1,0,1,PRIORITY_DISPATCH,delivered,1.0,13.01
O01410,C0370,0,0,0,NONE,delivered,1.0,17.68
O01411,C0168,0,0,1,RESTAURANT_CONTACT,delivered,1.0,3.73
O01412,C0438,0,0,1,RESTAURANT_CONTACT,delivered,,
O01413,C0356,1,0,0,NONE,delivered,0.0,-1.54
O01414,C0877,0,0,0,NONE,delivered,0.0,-8.48
O01415,C0244,0,0,0,NONE,cancelled,,
O01416,C0554,1,0,0,NONE,delivered,1.0,15.19
O01417,C0581,0,0,0,NONE,delivered,1.0,16.48
O01418,C0715,0,0,0,NONE,delivered,0.0,-7.01
O01419,C0641,0,0,1,CUSTOMER_CREDIT,delivered,0.0,-12.49
O01420,C0501,0,0,0,NONE,delivered,1.0,5.55
O01421,C0079,0,0,0,NONE,delivered,0.0,-2.72
O01422,C0834,1,0,0,NONE,delivered,1.0,8.6
O01423,C0016,0,0,1,DRIVER_REASSIGNMENT,delivered,1.0,0.72
O01424,C0485,1,0,0,NONE,delivered,0.0,-2.26
O01425,C0139,0,0,0,NONE,cancelled,,
O01426,C0461,0,0,0,NONE,delivered,0.0,-3.76
O01427,C0406,0,0,0,NONE,delivered,1.0,6.93
O01428,C0232,0,0,0,NONE,delivered,0.0,-14.42
O01429,C0474,1,0,0,NONE,delivered,1.0,7.65
O01430,C0705,1,0,0,NONE,delivered,1.0,10.37
O01431,C0231,1,0,0,NONE,delivered,1.0,11.97
O01432,C0687,0,0,0,NONE,delivered,0.0,-14.71
O01433,C0564,1,0,0,NONE,delivered,0.0,-6.2
O01434,C0579,0,0,0,NONE,delivered,0.0,-2.02
O01435,C0134,0,0,0,NONE,delivered,1.0,14.72
O01436,C0376,0,0,0,NONE,delivered,0.0,-3.83
O01437,C0790,0,0,0,NONE,delivered,1.0,19.41
O01438,C0514,0,0,0,NONE,delivered,0.0,-2.59
O01439,C0498,0,0,0,NONE,delivered,0.0,-8.79
O01440,C0441,0,0,0,NONE,delivered,0.0,-11.56
O01441,C0504,0,0,0,NONE,cancelled,,
O01442,C0024,0,0,0,NONE,delivered,,
O01443,C0369,0,0,0,NONE,delivered,1.0,8.01
O01444,C0843,0,0,0,NONE,delivered,1.0,2.35
O01445,C0868,0,0,0,NONE,delivered,0.0,-8.93
O01446,C0664,0,0,1,PRIORITY_DISPATCH,delivered,1.0,0.2
O01447,C0627,0,0,0,NONE,delivered,0.0,-10.83
O01448,C0388,0,0,0,NONE,delivered,0.0,-4.89
O01449,C0388,0,0,0,NONE,delivered,0.0,-3.94
O01450,C0044,0,0,1,PRIORITY_DISPATCH,delivered,1.0,5.16
O01451,C0742,0,0,0,NONE,delivered,0.0,-14.52
O01452,C0024,0,0,0,NONE,delivered,0.0,-7.43
O01453,C0278,1,0,1,DRIVER_REASSIGNMENT,delivered,0.0,-10.7
O01454,C0472,1,0,0,NONE,delivered,0.0,-10.56
O01455,C0257,1,0,0,NONE,delivered,1.0,14.65
O01456,C0207,0,0,1,CUSTOMER_CREDIT,delivered,1.0,2.65
O01457,C0703,0,0,0,NONE,delivered,0.0,-10.96
O01458,C0741,0,0,0,NONE,delivered,0.0,-8.89
O01459,C0198,1,0,1,DRIVER_REASSIGNMENT,delivered,1.0,13.74
O01460,C0811,0,0,0,NONE,delivered,0.0,-6.22
O01461,C0112,0,0,0,NONE,delivered,0.0,-1.32
O01462,C0401,0,0,1,PRIORITY_DISPATCH,delivered,1.0,8.34
O01463,C0573,1,0,0,NONE,delivered,1.0,15.82
O01464,C0814,0,0,0,NONE,delivered,0.0,-3.49
O01465,C0075,0,0,1,PRIORITY_DISPATCH,delivered,0.0,-3.12
O01466,C0663,0,0,1,DRIVER_REASSIGNMENT,delivered,1.0,12.47
O01467,C0686,1,0,0,NONE,delivered,1.0,20.1
O01468,C0096,0,0,0,NONE,delivered,0.0,-6.56
O01469,C0832,0,0,0,NONE,delivered,0.0,-12.5
O01470,C0732,1,0,0,NONE,delivered,1.0,27.8
O01471,C0735,0,0,1,CUSTOMER_CREDIT,delivered,1.0,4.1
O01472,C0701,1,0,0,NONE,delivered,1.0,25.81
O01473,C0704,0,0,0,NONE,delivered,0.0,-6.35
O01474,C0142,0,0,0,NONE,delivered,1.0,0.95
O01475,C0464,1,0,1,DRIVER_REASSIGNMENT,delivered,1.0,12.11
O01476,C0457,0,0,1,CUSTOMER_CREDIT,delivered,1.0,1.91
O01477,C0037,1,0,0,NONE,delivered,1.0,3.53
O01478,C0368,0,0,0,NONE,delivered,1.0,29.74
O01479,C0137,0,0,0,NONE,delivered,1.0,19.16
O01480,C0362,0,0,0,NONE,delivered,1.0,7.03
O01481,C0809,0,0,0,NONE,delivered,1.0,24.77
O01482,C0489,0,0,0,NONE,delivered,1.0,0.97
O01483,C0731,0,0,0,NONE,delivered,0.0,-1.56
O01484,C0282,0,0,0,NONE,delivered,0.0,-3.7
O01485,C0403,0,0,0,NONE,delivered,1.0,20.39
O01486,C0685,0,0,0,NONE,delivered,0.0,-3.04
O01487,C0025,0,0,1,DRIVER_REASSIGNMENT,delivered,0.0,-3.22
O01488,C0694,0,0,1,PRIORITY_DISPATCH,cancelled,,
O01489,C0732,1,0,0,NONE,delivered,0.0,-11.49
O01490,C0238,0,0,0,NONE,delivered,0.0,-3.94
O01491,C0068,1,0,0,NONE,delivered,1.0,6.67
O01492,C0713,0,0,0,NONE,cancelled,,
O01493,C0673,0,0,0,NONE,cancelled,,
O01494,C0260,0,0,0,NONE,delivered,1.0,1.61
O01495,C0426,1,0,0,NONE,delivered,1.0,22.32
O01496,C0042,0,0,1,CUSTOMER_CREDIT,delivered,1.0,2.88
O01497,C0574,1,0,0,NONE,delivered,1.0,14.32
O01498,C0624,0,0,0,NONE,delivered,1.0,0.46
O01499,C0831,1,0,1,DRIVER_REASSIGNMENT,delivered,1.0,11.43
O01500,C0621,0,0,1,CUSTOMER_CREDIT,delivered,0.0,-1.9
O01501,C0749,1,0,0,NONE,delivered,0.0,-3.22
O01502,C0568,0,0,0,NONE,delivered,0.0,-2.93
O01503,C0105,1,0,0,NONE,delivered,1.0,21.68
O01504,C0810,0,0,0,NONE,delivered,1.0,3.54
O01505,C0096,0,0,0,NONE,delivered,0.0,-1.43
O01506,C0336,0,0,0,NONE,delivered,,
O01507,C0155,0,0,0,NONE,cancelled,,
O01508,C0749,0,0,0,NONE,delivered,1.0,3.32
O01509,C0675,1,0,0,NONE,delivered,1.0,10.56
O01510,C0336,0,0,1,PRIORITY_DISPATCH,delivered,1.0,6.48
O01511,C0045,1,0,0,NONE,delivered,1.0,9.81
O01512,C0896,0,0,0,NONE,delivered,,
O01513,C0268,0,0,0,NONE,delivered,1.0,31.46
O01514,C0408,0,0,0,NONE,delivered,1.0,9.27
O01515,C0577,0,0,0,NONE,delivered,0.0,-4.6
O01516,C0643,0,0,0,NONE,delivered,0.0,-0.99
O01517,C0397,0,0,0,NONE,delivered,0.0,-5.59
O01518,C0114,0,0,1,PRIORITY_DISPATCH,delivered,0.0,-2.74
O01519,C0550,0,0,0,NONE,delivered,1.0,20.87
O01520,C0169,0,0,0,NONE,delivered,1.0,0.93
O01521,C0641,0,0,0,NONE,delivered,0.0,-7.67
O01522,C0494,0,0,0,NONE,delivered,0.0,-6.02
O01523,C0479,0,0,0,NONE,delivered,0.0,-3.78
O01524,C0808,0,0,0,NONE,delivered,1.0,4.57
O01525,C0066,0,0,0,NONE,delivered,1.0,20.0
O01526,C0842,0,0,0,NONE,delivered,0.0,-4.07
O01527,C0121,0,0,0,NONE,delivered,1.0,6.28
O01528,C0578,0,0,1,PRIORITY_DISPATCH,delivered,0.0,-8.96
O01529,C0828,1,0,0,NONE,delivered,1.0,15.52
O01530,C0734,0,0,1,RESTAURANT_CONTACT,delivered,0.0,-0.52
O01531,C0259,0,0,0,NONE,delivered,1.0,18.59
O01532,C0825,0,0,0,NONE,delivered,0.0,-10.34
O01533,C0821,0,0,0,NONE,delivered,1.0,23.35
O01534,C0586,0,0,0,NONE,delivered,1.0,3.12
O01535,C0572,0,0,0,NONE,delivered,0.0,-0.65
O01536,C0864,0,0,1,CUSTOMER_CREDIT,delivered,0.0,-11.76
O01537,C0897,0,0,0,NONE,delivered,0.0,-0.05
O01538,C0029,0,0,0,NONE,delivered,1.0,2.04
O01539,C0475,0,0,0,NONE,delivered,1.0,3.05
O01540,C0337,0,0,0,NONE,delivered,1.0,19.67
O01541,C0742,0,0,0,NONE,delivered,1.0,8.69
O01542,C0282,0,0,0,NONE,delivered,1.0,25.89
O01543,C0040,0,0,0,NONE,delivered,0.0,-3.73
O01544,C0224,0,0,0,NONE,delivered,1.0,13.59
O01545,C0121,0,0,1,DRIVER_REASSIGNMENT,delivered,0.0,-3.44
O01546,C0267,0,0,0,NONE,delivered,0.0,-17.91
O01547,C0877,0,0,0,NONE,delivered,1.0,0.91
O01548,C0197,0,0,0,NONE,delivered,1.0,0.53
O01549,C0896,0,0,0,NONE,delivered,1.0,3.01
O01550,C0623,0,0,1,DRIVER_REASSIGNMENT,delivered,0.0,-0.05
O01551,C0238,0,0,0,NONE,delivered,1.0,3.62
O01552,C0377,1,0,0,NONE,delivered,1.0,11.86
O01553,C0800,1,0,1,DRIVER_REASSIGNMENT,delivered,0.0,-11.16
O01554,C0183,1,0,1,CUSTOMER_CREDIT,delivered,1.0,8.82
O01555,C0250,0,0,0,NONE,delivered,0.0,-0.25
O01556,C0707,1,0,1,CUSTOMER_CREDIT,delivered,1.0,10.24
O01557,C0377,0,0,1,DRIVER_REASSIGNMENT,delivered,0.0,-0.02
O01558,C0629,0,0,0,NONE,delivered,0.0,-7.23
O01559,C0167,0,0,1,RESTAURANT_CONTACT,delivered,0.0,-6.48
O01560,C0334,0,0,1,CUSTOMER_CREDIT,delivered,1.0,11.17
O01561,C0621,0,0,0,NONE,delivered,0.0,-11.91
O01562,C0090,0,0,1,DRIVER_REASSIGNMENT,delivered,0.0,-14.01
O01563,C0623,1,0,0,NONE,delivered,0.0,-1.91
O01564,C0262,0,0,0,NONE,delivered,1.0,15.52
O01565,C0671,0,0,0,NONE,delivered,0.0,-1.99
O01566,C0423,0,0,1,RESTAURANT_CONTACT,delivered,1.0,1.85
O01567,C0298,0,0,0,NONE,delivered,0.0,-7.67
O01568,C0437,0,0,0,NONE,cancelled,,
O01569,C0516,1,0,0,NONE,delivered,1.0,11.87
O01570,C0814,0,0,0,NONE,delivered,0.0,-4.28
O01571,C0536,1,0,0,NONE,delivered,1.0,12.38
O01572,C0549,0,0,1,DRIVER_REASSIGNMENT,delivered,0.0,-4.2
O01573,C0158,0,0,0,NONE,delivered,1.0,3.43
O01574,C0771,0,0,0,NONE,delivered,1.0,0.69
O01575,C0035,0,0,0,NONE,delivered,1.0,3.69
O01576,C0594,0,0,0,NONE,delivered,0.0,-10.96
O01577,C0540,0,0,1,DRIVER_REASSIGNMENT,delivered,1.0,11.35
O01578,C0774,1,0,1,PRIORITY_DISPATCH,delivered,1.0,22.76
O01579,C0241,1,0,1,DRIVER_REASSIGNMENT,delivered,1.0,9.11
O01580,C0300,0,0,0,NONE,delivered,0.0,-13.34
O01581,C0750,0,0,0,NONE,delivered,0.0,-1.56
O01582,C0250,0,0,0,NONE,delivered,1.0,10.05
O01583,C0462,0,0,0,NONE,delivered,1.0,1.52
O01584,C0313,1,0,0,NONE,delivered,1.0,25.0
O01585,C0392,1,0,0,NONE,delivered,1.0,12.79
O01586,C0377,1,0,0,NONE,delivered,1.0,8.21
O01587,C0775,1,0,0,NONE,delivered,1.0,24.82
O01588,C0239,1,0,1,PRIORITY_DISPATCH,delivered,1.0,9.18
O01589,C0434,0,0,0,NONE,delivered,0.0,-5.17
O01590,C0232,1,0,0,NONE,delivered,1.0,13.29
O01591,C0261,0,0,1,DRIVER_REASSIGNMENT,delivered,0.0,-10.62
O01592,C0220,0,0,0,NONE,delivered,1.0,4.15
O01593,C0171,0,0,0,NONE,delivered,0.0,-0.19
O01594,C0098,0,0,1,CUSTOMER_CREDIT,delivered,1.0,20.55
O01595,C0305,0,0,0,NONE,delivered,0.0,-4.48
O01596,C0349,0,0,0,NONE,cancelled,,
O01597,C0174,0,0,0,NONE,delivered,0.0,-3.68
O01598,C0286,0,0,1,DRIVER_REASSIGNMENT,delivered,0.0,-4.56
O01599,C0191,0,0,0,NONE,delivered,1.0,8.26
O01600,C0107,0,0,1,DRIVER_REASSIGNMENT,delivered,0.0,-2.53
