order_id,final_status_norm,delivered_flag,late_flag,delay_min,outcome_bucket
O00001,delivered,1,1.0,10.82,delivered_late
O00002,delivered,1,1.0,3.97,delivered_late
O00003,delivered,1,0.0,-4.41,delivered_on_time
O00004,cancelled,0,,,cancelled
O00005,delivered,1,1.0,21.02,delivered_late
O00006,delivered,1,1.0,7.3,delivered_late
O00007,delivered,1,1.0,4.27,delivered_late
O00008,delivered,1,1.0,26.86,delivered_late
O00009,delivered,1,1.0,0.69,delivered_late
O00010,delivered,1,0.0,-5.79,delivered_on_time
O00011,delivered,1,1.0,3.91,delivered_late
O00012,delivered,1,1.0,30.13,delivered_late
O00013,delivered,1,0.0,-3.4,delivered_on_time
O00014,delivered,1,1.0,5.1,delivered_late
O00015,delivered,1,1.0,4.28,delivered_late
O00016,delivered,1,1.0,2.49,delivered_late
O00017,cancelled,0,,,cancelled
O00018,delivered,1,1.0,9.43,delivered_late
O00019,delivered,1,1.0,4.0,delivered_late
O00020,delivered,1,1.0,7.9,delivered_late
O00021,delivered,1,0.0,-8.03,delivered_on_time
O00022,delivered,1,0.0,-3.1,delivered_on_time
O00023,delivered,1,0.0,-5.09,delivered_on_time
O00024,delivered,1,1.0,3.99,delivered_late
O00025,delivered,1,0.0,-9.5,delivered_on_time
O00026,delivered,1,0.0,-15.51,delivered_on_time
O00027,delivered,1,1.0,20.81,delivered_late
O00028,delivered,1,0.0,-13.77,delivered_on_time
O00029,delivered,1,1.0,2.41,delivered_late
O00030,delivered,1,0.0,-2.57,delivered_on_time
O00031,delivered,1,1.0,1.7,delivered_late
O00032,delivered,1,0.0,-1.25,delivered_on_time
O00033,delivered,1,1.0,14.32,delivered_late
O00034,delivered,1,0.0,-0.4,delivered_on_time
O00035,delivered,1,1.0,1.52,delivered_late
O00036,delivered,1,0.0,-2.83,delivered_on_time
O00037,delivered,1,1.0,15.45,delivered_late
O00038,delivered,1,0.0,-3.21,delivered_on_time
O00039,delivered,1,1.0,5.65,delivered_late
O00040,delivered,1,1.0,25.55,delivered_late
O00041,delivered,1,1.0,5.4,delivered_late
O00042,delivered,1,1.0,5.67,delivered_late
O00043,delivered,1,,,unknown
O00044,delivered,1,1.0,6.84,delivered_late
O00045,delivered,1,1.0,4.73,delivered_late
O00046,delivered,1,0.0,-14.09,delivered_on_time
O00047,delivered,1,1.0,28.11,delivered_late
O00048,delivered,1,1.0,18.45,delivered_late
O00049,delivered,1,1.0,1.75,delivered_late
O00050,delivered,1,1.0,2.33,delivered_late
O00051,delivered,1,0.0,-8.66,delivered_on_time
O00052,delivered,1,0.0,-15.52,delivered_on_time
O00053,delivered,1,1.0,22.05,delivered_late
O00054,delivered,1,1.0,4.38,delivered_late
O00055,delivered,1,0.0,-2.71,delivered_on_time
O00056,delivered,1,0.0,-2.87,delivered_on_time
O00057,delivered,1,0.0,-2.43,delivered_on_time
O00058,delivered,1,1.0,2.7,delivered_late
O00059,delivered,1,0.0,-11.45,delivered_on_time
O00060,delivered,1,1.0,12.16,delivered_late
O00061,delivered,1,0.0,-11.99,delivered_on_time
O00062,delivered,1,0.0,-0.89,delivered_on_time
O00063,delivered,1,0.0,-8.41,delivered_on_time
O00064,delivered,1,1.0,35.63,delivered_late
O00065,delivered,1,1.0,8.49,delivered_late
O00066,delivered,1,1.0,0.67,delivered_late
O00067,delivered,1,1.0,6.87,delivered_late
O00068,delivered,1,0.0,-1.26,delivered_on_time
O00069,delivered,1,0.0,-1.34,delivered_on_time
O00070,delivered,1,0.0,-17.94,delivered_on_time
O00071,delivered,1,1.0,11.74,delivered_late
O00072,delivered,1,1.0,7.35,delivered_late
O00073,delivered,1,1.0,13.55,delivered_late
O00074,delivered,1,1.0,7.59,delivered_late
O00075,cancelled,0,,,cancelled
O00076,delivered,1,1.0,3.03,delivered_late
O00077,delivered,1,1.0,26.54,delivered_late
O00078,delivered,1,0.0,-5.14,delivered_on_time
O00079,delivered,1,1.0,1.54,delivered_late
O00080,delivered,1,1.0,22.51,delivered_late
O00081,delivered,1,0.0,-7.14,delivered_on_time
O00082,delivered,1,0.0,-8.22,delivered_on_time
O00083,delivered,1,1.0,2.37,delivered_late
O00084,delivered,1,0.0,-7.56,delivered_on_time
O00085,delivered,1,0.0,-0.41,delivered_on_time
O00086,delivered,1,0.0,-1.02,delivered_on_time
O00087,delivered,1,0.0,-8.77,delivered_on_time
O00088,delivered,1,0.0,-0.28,delivered_on_time
O00089,delivered,1,1.0,10.85,delivered_late
O00090,delivered,1,1.0,20.26,delivered_late
O00091,delivered,1,0.0,-2.02,delivered_on_time
O00092,delivered,1,1.0,3.6,delivered_late
O00093,delivered,1,1.0,1.29,delivered_late
O00094,delivered,1,1.0,19.56,delivered_late
O00095,delivered,1,,,unknown
O00096,delivered,1,0.0,-4.76,delivered_on_time
O00097,delivered,1,1.0,7.3,delivered_late
O00098,delivered,1,1.0,10.63,delivered_late
O00099,delivered,1,1.0,2.59,delivered_late
O00100,delivered,1,1.0,1.45,delivered_late
O00101,delivered,1,1.0,85.51,delivered_late
O00102,delivered,1,1.0,86.29,delivered_late
O00103,delivered,1,1.0,69.29,delivered_late
O00104,delivered,1,1.0,87.35,delivered_late
O00105,delivered,1,0.0,-9.39,delivered_on_time
O00106,delivered,1,0.0,-14.3,delivered_on_time
O00107,delivered,1,0.0,-0.78,delivered_on_time
O00108,delivered,1,0.0,-8.26,delivered_on_time
O00109,delivered,1,0.0,-3.2,delivered_on_time
O00110,delivered,1,1.0,21.33,delivered_late
O00111,delivered,1,1.0,15.75,delivered_late
O00112,delivered,1,0.0,-10.44,delivered_on_time
O00113,delivered,1,1.0,19.15,delivered_late
O00114,delivered,1,1.0,6.21,delivered_late
O00115,delivered,1,0.0,-8.72,delivered_on_time
O00116,delivered,1,1.0,12.79,delivered_late
O00117,delivered,1,0.0,-3.19,delivered_on_time
O00118,delivered,1,1.0,8.58,delivered_late
O00119,delivered,1,1.0,12.93,delivered_late
O00120,delivered,1,0.0,-6.26,delivered_on_time
O00121,delivered,1,1.0,20.32,delivered_late
O00122,delivered,1,1.0,1.27,delivered_late
O00123,delivered,1,0.0,-6.99,delivered_on_time
O00124,delivered,1,0.0,-2.9,delivered_on_time
O00125,delivered,1,1.0,1.44,delivered_late
O00126,delivered,1,1.0,12.44,delivered_late
O00127,delivered,1,,,unknown
O00128,delivered,1,0.0,-0.17,delivered_on_time
O00129,cancelled,0,,,cancelled
O00130,delivered,1,0.0,-2.71,delivered_on_time
O00131,delivered,1,1.0,14.52,delivered_late
O00132,delivered,1,1.0,13.35,delivered_late
O00133,delivered,1,0.0,-3.67,delivered_on_time
O00134,delivered,1,1.0,4.94,delivered_late
O00135,delivered,1,0.0,-3.8,delivered_on_time
O00136,delivered,1,0.0,-3.86,delivered_on_time
O00137,delivered,1,1.0,8.18,delivered_late
O00138,delivered,1,0.0,-1.91,delivered_on_time
O00139,delivered,1,1.0,0.81,delivered_late
O00140,delivered,1,0.0,-15.35,delivered_on_time
O00141,delivered,1,1.0,1.52,delivered_late
O00142,delivered,1,0.0,-13.14,delivered_on_time
O00143,delivered,1,0.0,-2.27,delivered_on_time
O00144,delivered,1,1.0,7.13,delivered_late
O00145,delivered,1,1.0,2.87,delivered_late
O00146,delivered,1,0.0,-12.02,delivered_on_time
O00147,delivered,1,1.0,22.74,delivered_late
O00148,delivered,1,1.0,0.53,delivered_late
O00149,delivered,1,1.0,7.95,delivered_late
O00150,delivered,1,1.0,11.41,delivered_late
O00151,delivered,1,1.0,28.23,delivered_late
O00152,delivered,1,1.0,13.76,delivered_late
O00153,delivered,1,0.0,-7.53,delivered_on_time
O00154,cancelled,0,,,cancelled
O00155,delivered,1,1.0,19.35,delivered_late
O00156,delivered,1,0.0,-5.12,delivered_on_time
O00157,delivered,1,0.0,-0.04,delivered_on_time
O00158,delivered,1,1.0,6.82,delivered_late
O00159,delivered,1,0.0,-1.72,delivered_on_time
O00160,delivered,1,1.0,2.11,delivered_late
O00161,delivered,1,1.0,6.17,delivered_late
O00162,delivered,1,1.0,8.42,delivered_late
O00163,delivered,1,0.0,-4.42,delivered_on_time
O00164,delivered,1,0.0,-3.43,delivered_on_time
O00165,delivered,1,1.0,0.61,delivered_late
O00166,delivered,1,0.0,-5.26,delivered_on_time
O00167,delivered,1,0.0,-0.48,delivered_on_time
O00168,delivered,1,0.0,-2.96,delivered_on_time
O00169,delivered,1,1.0,28.95,delivered_late
O00170,delivered,1,1.0,4.64,delivered_late
O00171,delivered,1,1.0,28.35,delivered_late
O00172,delivered,1,0.0,-2.06,delivered_on_time
O00173,cancelled,0,,,cancelled
O00174,delivered,1,1.0,15.11,delivered_late
O00175,delivered,1,0.0,-6.19,delivered_on_time
O00176,delivered,1,1.0,13.07,delivered_late
O00177,delivered,1,0.0,-3.52,delivered_on_time
O00178,delivered,1,1.0,18.41,delivered_late
O00179,delivered,1,1.0,5.94,delivered_late
O00180,delivered,1,1.0,14.77,delivered_late
O00181,delivered,1,1.0,4.42,delivered_late
O00182,delivered,1,1.0,14.5,delivered_late
O00183,delivered,1,1.0,1.19,delivered_late
O00184,delivered,1,0.0,-2.43,delivered_on_time
O00185,delivered,1,0.0,-7.71,delivered_on_time
O00186,delivered,1,0.0,-4.39,delivered_on_time
O00187,delivered,1,0.0,-17.47,delivered_on_time
O00188,delivered,1,1.0,20.15,delivered_late
O00189,delivered,1,1.0,4.67,delivered_late
O00190,delivered,1,0.0,-6.32,delivered_on_time
O00191,delivered,1,0.0,-9.12,delivered_on_time
O00192,delivered,1,1.0,0.29,delivered_late
O00193,delivered,1,0.0,-0.03,delivered_on_time
O00194,delivered,1,1.0,38.34,delivered_late
O00195,delivered,1,0.0,-12.14,delivered_on_time
O00196,delivered,1,1.0,3.17,delivered_late
O00197,delivered,1,0.0,-0.76,delivered_on_time
O00198,delivered,1,1.0,35.23,delivered_late
O00199,cancelled,0,,,cancelled
O00200,delivered,1,0.0,-5.87,delivered_on_time
O00201,delivered,1,0.0,-4.73,delivered_on_time
O00202,delivered,1,1.0,1.77,delivered_late
O00203,delivered,1,0.0,-8.01,delivered_on_time
O00204,delivered,1,1.0,13.76,delivered_late
O00205,delivered,1,1.0,26.79,delivered_late
O00206,delivered,1,,,unknown
O00207,delivered,1,1.0,11.38,delivered_late
O00208,delivered,1,1.0,16.4,delivered_late
O00209,delivered,1,1.0,8.68,delivered_late
O00210,delivered,1,1.0,6.31,delivered_late
O00211,delivered,1,1.0,32.38,delivered_late
O00212,delivered,1,0.0,-1.22,delivered_on_time
O00213,delivered,1,0.0,-5.59,delivered_on_time
O00214,delivered,1,1.0,9.01,delivered_late
O00215,delivered,1,0.0,-7.22,delivered_on_time
O00216,delivered,1,0.0,-7.66,delivered_on_time
O00217,delivered,1,1.0,13.54,delivered_late
O00218,delivered,1,1.0,10.29,delivered_late
O00219,delivered,1,1.0,5.37,delivered_late
O00220,delivered,1,0.0,-10.59,delivered_on_time
O00221,cancelled,0,,,cancelled
O00222,delivered,1,0.0,-3.98,delivered_on_time
O00223,delivered,1,1.0,0.21,delivered_late
O00224,delivered,1,0.0,-5.48,delivered_on_time
O00225,delivered,1,0.0,-4.04,delivered_on_time
O00226,delivered,1,0.0,-4.13,delivered_on_time
O00227,delivered,1,0.0,-11.77,delivered_on_time
O00228,delivered,1,0.0,-9.78,delivered_on_time
O00229,delivered,1,0.0,-1.17,delivered_on_time
O00230,delivered,1,1.0,7.97,delivered_late
O00231,delivered,1,0.0,-7.54,delivered_on_time
O00232,delivered,1,0.0,-2.63,delivered_on_time
O00233,delivered,1,0.0,-1.94,delivered_on_time
O00234,delivered,1,0.0,-4.04,delivered_on_time
O00235,delivered,1,1.0,8.44,delivered_late
O00236,delivered,1,0.0,-1.09,delivered_on_time
O00237,delivered,1,0.0,-3.13,delivered_on_time
O00238,delivered,1,0.0,-3.98,delivered_on_time
O00239,delivered,1,1.0,2.34,delivered_late
O00240,delivered,1,1.0,15.05,delivered_late
O00241,delivered,1,1.0,14.35,delivered_late
O00242,delivered,1,1.0,5.74,delivered_late
O00243,delivered,1,1.0,6.21,delivered_late
O00244,delivered,1,0.0,-4.49,delivered_on_time
O00245,delivered,1,0.0,-3.39,delivered_on_time
O00246,delivered,1,0.0,-15.08,delivered_on_time
O00247,delivered,1,0.0,-8.97,delivered_on_time
O00248,delivered,1,0.0,-6.35,delivered_on_time
O00249,delivered,1,1.0,6.77,delivered_late
O00250,delivered,1,1.0,1.31,delivered_late
O00251,delivered,1,0.0,-4.61,delivered_on_time
O00252,delivered,1,0.0,-9.06,delivered_on_time
O00253,delivered,1,1.0,18.64,delivered_late
O00254,delivered,1,0.0,-3.82,delivered_on_time
O00255,delivered,1,0.0,-0.8,delivered_on_time
O00256,delivered,1,1.0,15.57,delivered_late
O00257,delivered,1,1.0,4.17,delivered_late
O00258,delivered,1,1.0,8.89,delivered_late
O00259,delivered,1,1.0,1.2,delivered_late
O00260,delivered,1,1.0,9.83,delivered_late
O00261,delivered,1,1.0,3.87,delivered_late
O00262,delivered,1,0.0,-8.62,delivered_on_time
O00263,delivered,1,1.0,3.59,delivered_late
O00264,delivered,1,1.0,4.88,delivered_late
O00265,cancelled,0,,,cancelled
O00266,delivered,1,0.0,-1.58,delivered_on_time
O00267,delivered,1,1.0,8.89,delivered_late
O00268,delivered,1,1.0,18.54,delivered_late
O00269,delivered,1,1.0,2.03,delivered_late
O00270,delivered,1,1.0,13.47,delivered_late
O00271,delivered,1,1.0,5.78,delivered_late
O00272,delivered,1,1.0,5.1,delivered_late
O00273,cancelled,0,,,cancelled
O00274,delivered,1,0.0,-9.34,delivered_on_time
O00275,delivered,1,0.0,-1.83,delivered_on_time
O00276,delivered,1,1.0,5.83,delivered_late
O00277,delivered,1,0.0,-5.27,delivered_on_time
O00278,delivered,1,1.0,0.46,delivered_late
O00279,cancelled,0,,,cancelled
O00280,delivered,1,1.0,5.1,delivered_late
O00281,delivered,1,0.0,-1.78,delivered_on_time
O00282,cancelled,0,,,cancelled
O00283,delivered,1,0.0,-9.63,delivered_on_time
O00284,delivered,1,0.0,-0.43,delivered_on_time
O00285,delivered,1,1.0,3.46,delivered_late
O00286,delivered,1,,,unknown
O00287,delivered,1,1.0,16.46,delivered_late
O00288,delivered,1,1.0,19.09,delivered_late
O00289,cancelled,0,,,cancelled
O00290,delivered,1,1.0,1.15,delivered_late
O00291,delivered,1,0.0,-2.4,delivered_on_time
O00292,delivered,1,1.0,9.25,delivered_late
O00293,delivered,1,1.0,5.34,delivered_late
O00294,delivered,1,0.0,-2.91,delivered_on_time
O00295,delivered,1,1.0,21.25,delivered_late
O00296,delivered,1,1.0,3.43,delivered_late
O00297,delivered,1,1.0,9.78,delivered_late
O00298,delivered,1,0.0,-6.51,delivered_on_time
O00299,delivered,1,0.0,-0.33,delivered_on_time
O00300,delivered,1,0.0,-5.9,delivered_on_time
O00301,delivered,1,1.0,15.79,delivered_late
O00302,delivered,1,1.0,26.32,delivered_late
O00303,delivered,1,1.0,33.16,delivered_late
O00304,delivered,1,0.0,-6.19,delivered_on_time
O00305,delivered,1,1.0,0.25,delivered_late
O00306,delivered,1,1.0,6.76,delivered_late
O00307,cancelled,0,,,cancelled
O00308,delivered,1,1.0,5.59,delivered_late
O00309,delivered,1,0.0,-7.02,delivered_on_time
O00310,delivered,1,1.0,5.79,delivered_late
O00311,delivered,1,1.0,11.76,delivered_late
O00312,cancelled,0,,,cancelled
O00313,delivered,1,1.0,12.97,delivered_late
O00314,delivered,1,0.0,-11.36,delivered_on_time
O00315,delivered,1,0.0,-15.01,delivered_on_time
O00316,delivered,1,1.0,8.03,delivered_late
O00317,delivered,1,0.0,-2.96,delivered_on_time
O00318,delivered,1,1.0,12.82,delivered_late
O00319,delivered,1,1.0,24.14,delivered_late
O00320,delivered,1,0.0,-12.51,delivered_on_time
O00321,delivered,1,0.0,-11.52,delivered_on_time
O00322,delivered,1,1.0,22.21,delivered_late
O00323,delivered,1,0.0,-6.43,delivered_on_time
O00324,delivered,1,0.0,-8.12,delivered_on_time
O00325,delivered,1,0.0,-1.83,delivered_on_time
O00326,delivered,1,1.0,5.13,delivered_late
O00327,delivered,1,1.0,3.36,delivered_late
O00328,delivered,1,0.0,-7.4,delivered_on_time
O00329,delivered,1,1.0,20.72,delivered_late
O00330,delivered,1,1.0,2.87,delivered_late
O00331,delivered,1,1.0,21.98,delivered_late
O00332,delivered,1,0.0,-3.44,delivered_on_time
O00333,delivered,1,1.0,5.6,delivered_late
O00334,delivered,1,0.0,-5.27,delivered_on_time
O00335,delivered,1,1.0,20.99,delivered_late
O00336,delivered,1,1.0,0.09,delivered_late
O00337,cancelled,0,,,cancelled
O00338,delivered,1,1.0,19.66,delivered_late
O00339,delivered,1,0.0,-0.54,delivered_on_time
O00340,delivered,1,1.0,23.02,delivered_late
O00341,delivered,1,,,unknown
O00342,delivered,1,1.0,1.18,delivered_late
O00343,delivered,1,1.0,6.06,delivered_late
O00344,delivered,1,0.0,-6.69,delivered_on_time
O00345,delivered,1,1.0,10.85,delivered_late
O00346,delivered,1,0.0,-3.29,delivered_on_time
O00347,delivered,1,0.0,-5.14,delivered_on_time
O00348,delivered,1,1.0,21.11,delivered_late
O00349,delivered,1,1.0,8.2,delivered_late
O00350,delivered,1,0.0,-8.96,delivered_on_time
O00351,delivered,1,1.0,5.36,delivered_late
O00352,delivered,1,1.0,21.41,delivered_late
O00353,delivered,1,0.0,-2.54,delivered_on_time
O00354,delivered,1,1.0,3.17,delivered_late
O00355,delivered,1,1.0,4.36,delivered_late
O00356,delivered,1,1.0,4.1,delivered_late
O00357,delivered,1,0.0,-4.76,delivered_on_time
O00358,delivered,1,1.0,6.66,delivered_late
O00359,delivered,1,1.0,14.37,delivered_late
O00360,delivered,1,1.0,9.63,delivered_late
O00361,delivered,1,0.0,-0.4,delivered_on_time
O00362,cancelled,0,,,cancelled
O00363,delivered,1,0.0,-18.55,delivered_on_time
O00364,delivered,1,1.0,8.54,delivered_late
O00365,delivered,1,1.0,11.33,delivered_late
O00366,delivered,1,1.0,12.28,delivered_late
O00367,delivered,1,0.0,-7.63,delivered_on_time
O00368,delivered,1,1.0,1.16,delivered_late
O00369,delivered,1,1.0,4.08,delivered_late
O00370,delivered,1,0.0,-0.31,delivered_on_time
O00371,delivered,1,1.0,2.07,delivered_late
O00372,delivered,1,1.0,1.36,delivered_late
O00373,delivered,1,0.0,-3.96,delivered_on_time
O00374,delivered,1,1.0,6.27,delivered_late
O00375,delivered,1,0.0,-3.26,delivered_on_time
O00376,delivered,1,0.0,-2.37,delivered_on_time
O00377,delivered,1,1.0,0.53,delivered_late
O00378,delivered,1,1.0,8.64,delivered_late
O00379,delivered,1,0.0,-14.2,delivered_on_time
O00380,delivered,1,0.0,-12.07,delivered_on_time
O00381,delivered,1,0.0,-1.94,delivered_on_time
O00382,delivered,1,1.0,17.83,delivered_late
O00383,delivered,1,1.0,21.86,delivered_late
O00384,cancelled,0,,,cancelled
O00385,delivered,1,1.0,22.5,delivered_late
O00386,delivered,1,0.0,-4.89,delivered_on_time
O00387,delivered,1,1.0,18.23,delivered_late
O00388,delivered,1,1.0,10.74,delivered_late
O00389,delivered,1,1.0,8.2,delivered_late
O00390,delivered,1,0.0,-9.64,delivered_on_time
O00391,delivered,1,1.0,14.11,delivered_late
O00392,delivered,1,1.0,4.35,delivered_late
O00393,delivered,1,1.0,24.9,delivered_late
O00394,delivered,1,0.0,-1.65,delivered_on_time
O00395,delivered,1,1.0,4.58,delivered_late
O00396,delivered,1,0.0,-0.99,delivered_on_time
O00397,delivered,1,1.0,15.25,delivered_late
O00398,delivered,1,1.0,3.84,delivered_late
O00399,delivered,1,1.0,14.34,delivered_late
O00400,delivered,1,1.0,13.52,delivered_late
O00401,delivered,1,1.0,9.0,delivered_late
O00402,delivered,1,0.0,-5.4,delivered_on_time
O00403,delivered,1,1.0,17.48,delivered_late
O00404,delivered,1,1.0,19.13,delivered_late
O00405,delivered,1,0.0,-12.27,delivered_on_time
O00406,delivered,1,0.0,-12.71,delivered_on_time
O00407,delivered,1,0.0,-10.17,delivered_on_time
O00408,delivered,1,1.0,17.62,delivered_late
O00409,delivered,1,1.0,27.39,delivered_late
O00410,delivered,1,0.0,-8.33,delivered_on_time
O00411,delivered,1,1.0,8.99,delivered_late
O00412,delivered,1,0.0,-1.45,delivered_on_time
O00413,delivered,1,1.0,11.09,delivered_late
O00414,delivered,1,0.0,-1.1,delivered_on_time
O00415,delivered,1,1.0,5.48,delivered_late
O00416,delivered,1,1.0,17.6,delivered_late
O00417,delivered,1,,,unknown
O00418,delivered,1,0.0,-8.76,delivered_on_time
O00419,delivered,1,0.0,-6.98,delivered_on_time
O00420,delivered,1,0.0,-12.91,delivered_on_time
O00421,delivered,1,0.0,-8.29,delivered_on_time
O00422,delivered,1,1.0,5.63,delivered_late
O00423,delivered,1,1.0,9.36,delivered_late
O00424,delivered,1,0.0,-5.52,delivered_on_time
O00425,delivered,1,0.0,-3.18,delivered_on_time
O00426,delivered,1,0.0,-9.4,delivered_on_time
O00427,delivered,1,0.0,-17.32,delivered_on_time
O00428,delivered,1,1.0,8.51,delivered_late
O00429,delivered,1,0.0,-9.93,delivered_on_time
O00430,delivered,1,1.0,9.26,delivered_late
O00431,delivered,1,1.0,14.34,delivered_late
O00432,cancelled,0,,,cancelled
O00433,delivered,1,1.0,9.35,delivered_late
O00434,delivered,1,1.0,7.3,delivered_late
O00435,delivered,1,1.0,6.19,delivered_late
O00436,delivered,1,1.0,0.6,delivered_late
O00437,delivered,1,1.0,6.12,delivered_late
O00438,delivered,1,0.0,-7.03,delivered_on_time
O00439,delivered,1,0.0,-8.63,delivered_on_time
O00440,delivered,1,0.0,-1.31,delivered_on_time
O00441,delivered,1,1.0,0.02,delivered_late
O00442,delivered,1,1.0,5.53,delivered_late
O00443,delivered,1,1.0,0.21,delivered_late
O00444,delivered,1,1.0,3.58,delivered_late
O00445,delivered,1,1.0,2.93,delivered_late
O00446,delivered,1,1.0,21.11,delivered_late
O00447,delivered,1,0.0,-5.06,delivered_on_time
O00448,delivered,1,0.0,-13.01,delivered_on_time
O00449,delivered,1,1.0,3.92,delivered_late
O00450,delivered,1,1.0,0.27,delivered_late
O00451,delivered,1,0.0,-14.31,delivered_on_time
O00452,delivered,1,0.0,-9.64,delivered_on_time
O00453,delivered,1,0.0,-7.74,delivered_on_time
O00454,delivered,1,0.0,-1.08,delivered_on_time
O00455,delivered,1,0.0,-7.84,delivered_on_time
O00456,delivered,1,0.0,-9.0,delivered_on_time
O00457,cancelled,0,,,cancelled
O00458,delivered,1,1.0,5.44,delivered_late
O00459,delivered,1,1.0,3.95,delivered_late
O00460,delivered,1,1.0,36.88,delivered_late
O00461,delivered,1,1.0,11.38,delivered_late
O00462,delivered,1,0.0,-1.25,delivered_on_time
O00463,delivered,1,0.0,-9.91,delivered_on_time
O00464,delivered,1,1.0,1.6,delivered_late
O00465,delivered,1,1.0,6.57,delivered_late
O00466,delivered,1,0.0,-16.42,delivered_on_time
O00467,delivered,1,0.0,-12.16,delivered_on_time
O00468,delivered,1,0.0,-1.85,delivered_on_time
O00469,delivered,1,0.0,-4.38,delivered_on_time
O00470,delivered,1,1.0,0.79,delivered_late
O00471,delivered,1,1.0,7.43,delivered_late
O00472,delivered,1,1.0,14.24,delivered_late
O00473,delivered,1,1.0,46.21,delivered_late
O00474,delivered,1,0.0,-6.21,delivered_on_time
O00475,delivered,1,0.0,-6.81,delivered_on_time
O00476,delivered,1,1.0,14.15,delivered_late
O00477,delivered,1,1.0,8.37,delivered_late
O00478,delivered,1,0.0,-6.04,delivered_on_time
O00479,cancelled,0,,,cancelled
O00480,delivered,1,1.0,15.47,delivered_late
O00481,delivered,1,1.0,4.43,delivered_late
O00482,delivered,1,0.0,-6.11,delivered_on_time
O00483,delivered,1,0.0,-3.89,delivered_on_time
O00484,delivered,1,1.0,0.48,delivered_late
O00485,delivered,1,1.0,1.18,delivered_late
O00486,delivered,1,1.0,2.23,delivered_late
O00487,delivered,1,1.0,11.35,delivered_late
O00488,delivered,1,,,unknown
O00489,delivered,1,1.0,4.51,delivered_late
O00490,delivered,1,1.0,6.25,delivered_late
O00491,delivered,1,1.0,14.34,delivered_late
O00492,cancelled,0,,,cancelled
O00493,delivered,1,0.0,-3.76,delivered_on_time
O00494,delivered,1,0.0,-6.73,delivered_on_time
O00495,cancelled,0,,,cancelled
O00496,delivered,1,0.0,-13.84,delivered_on_time
O00497,delivered,1,1.0,31.78,delivered_late
O00498,cancelled,0,,,cancelled
O00499,delivered,1,1.0,7.12,delivered_late
O00500,delivered,1,0.0,-11.3,delivered_on_time
O00501,delivered,1,1.0,0.77,delivered_late
O00502,delivered,1,1.0,0.49,delivered_late
O00503,delivered,1,0.0,-0.79,delivered_on_time
O00504,delivered,1,1.0,8.18,delivered_late
O00505,delivered,1,1.0,4.26,delivered_late
O00506,delivered,1,0.0,-7.33,delivered_on_time
O00507,delivered,1,0.0,-0.95,delivered_on_time
O00508,delivered,1,1.0,11.88,delivered_late
O00509,delivered,1,0.0,-8.56,delivered_on_time
O00510,delivered,1,1.0,5.23,delivered_late
O00511,delivered,1,0.0,-1.56,delivered_on_time
O00512,delivered,1,0.0,-3.35,delivered_on_time
O00513,delivered,1,1.0,22.82,delivered_late
O00514,delivered,1,0.0,-0.32,delivered_on_time
O00515,delivered,1,1.0,6.63,delivered_late
O00516,delivered,1,0.0,-9.13,delivered_on_time
O00517,delivered,1,1.0,4.98,delivered_late
O00518,delivered,1,0.0,-1.48,delivered_on_time
O00519,delivered,1,1.0,5.08,delivered_late
O00520,delivered,1,1.0,2.21,delivered_late
O00521,delivered,1,0.0,-1.1,delivered_on_time
O00522,delivered,1,1.0,4.28,delivered_late
O00523,delivered,1,1.0,10.29,delivered_late
O00524,delivered,1,1.0,0.9,delivered_late
O00525,delivered,1,1.0,6.9,delivered_late
O00526,delivered,1,1.0,22.59,delivered_late
O00527,delivered,1,1.0,16.88,delivered_late
O00528,delivered,1,0.0,-13.92,delivered_on_time
O00529,cancelled,0,,,cancelled
O00530,delivered,1,0.0,-9.44,delivered_on_time
O00531,cancelled,0,,,cancelled
O00532,delivered,1,0.0,-3.23,delivered_on_time
O00533,delivered,1,1.0,12.37,delivered_late
O00534,delivered,1,1.0,2.03,delivered_late
O00535,delivered,1,1.0,6.83,delivered_late
O00536,delivered,1,0.0,-4.81,delivered_on_time
O00537,delivered,1,0.0,-2.42,delivered_on_time
O00538,delivered,1,0.0,-2.5,delivered_on_time
O00539,delivered,1,1.0,23.28,delivered_late
O00540,delivered,1,1.0,3.84,delivered_late
O00541,delivered,1,1.0,0.07,delivered_late
O00542,delivered,1,0.0,-11.67,delivered_on_time
O00543,delivered,1,0.0,-1.74,delivered_on_time
O00544,delivered,1,1.0,24.92,delivered_late
O00545,delivered,1,0.0,-4.57,delivered_on_time
O00546,delivered,1,1.0,13.51,delivered_late
O00547,delivered,1,1.0,14.94,delivered_late
O00548,delivered,1,,,unknown
O00549,delivered,1,0.0,-15.56,delivered_on_time
O00550,delivered,1,0.0,-3.73,delivered_on_time
O00551,delivered,1,1.0,11.74,delivered_late
O00552,delivered,1,0.0,-4.0,delivered_on_time
O00553,delivered,1,1.0,0.09,delivered_late
O00554,delivered,1,0.0,-0.44,delivered_on_time
O00555,delivered,1,1.0,6.99,delivered_late
O00556,delivered,1,1.0,16.78,delivered_late
O00557,delivered,1,1.0,15.0,delivered_late
O00558,delivered,1,0.0,-1.33,delivered_on_time
O00559,delivered,1,1.0,12.12,delivered_late
O00560,delivered,1,0.0,-5.89,delivered_on_time
O00561,delivered,1,1.0,17.6,delivered_late
O00562,delivered,1,1.0,4.66,delivered_late
O00563,delivered,1,1.0,15.67,delivered_late
O00564,delivered,1,1.0,20.33,delivered_late
O00565,delivered,1,1.0,26.24,delivered_late
O00566,delivered,1,0.0,-10.99,delivered_on_time
O00567,delivered,1,0.0,-8.5,delivered_on_time
O00568,delivered,1,1.0,12.43,delivered_late
O00569,cancelled,0,,,cancelled
O00570,delivered,1,0.0,-4.09,delivered_on_time
O00571,delivered,1,0.0,-3.7,delivered_on_time
O00572,cancelled,0,,,cancelled
O00573,delivered,1,0.0,-7.55,delivered_on_time
O00574,delivered,1,1.0,29.9,delivered_late
O00575,delivered,1,0.0,-3.5,delivered_on_time
O00576,delivered,1,0.0,-22.15,delivered_on_time
O00577,delivered,1,1.0,7.24,delivered_late
O00578,delivered,1,1.0,8.78,delivered_late
O00579,delivered,1,1.0,6.29,delivered_late
O00580,delivered,1,1.0,3.62,delivered_late
O00581,delivered,1,1.0,3.23,delivered_late
O00582,delivered,1,1.0,1.16,delivered_late
O00583,delivered,1,1.0,8.72,delivered_late
O00584,delivered,1,0.0,-15.21,delivered_on_time
O00585,delivered,1,0.0,-7.06,delivered_on_time
O00586,cancelled,0,,,cancelled
O00587,delivered,1,,,unknown
O00588,delivered,1,1.0,3.26,delivered_late
O00589,delivered,1,1.0,2.98,delivered_late
O00590,delivered,1,1.0,8.54,delivered_late
O00591,delivered,1,1.0,16.64,delivered_late
O00592,delivered,1,1.0,12.16,delivered_late
O00593,delivered,1,1.0,8.22,delivered_late
O00594,delivered,1,1.0,1.2,delivered_late
O00595,delivered,1,0.0,-12.25,delivered_on_time
O00596,delivered,1,1.0,6.53,delivered_late
O00597,delivered,1,0.0,-4.92,delivered_on_time
O00598,delivered,1,1.0,10.45,delivered_late
O00599,delivered,1,1.0,4.71,delivered_late
O00600,delivered,1,1.0,4.85,delivered_late
O00601,delivered,1,0.0,-6.76,delivered_on_time
O00602,delivered,1,1.0,0.31,delivered_late
O00603,delivered,1,1.0,7.12,delivered_late
O00604,delivered,1,1.0,1.8,delivered_late
O00605,delivered,1,1.0,16.8,delivered_late
O00606,delivered,1,0.0,-9.46,delivered_on_time
O00607,delivered,1,1.0,27.64,delivered_late
O00608,delivered,1,1.0,1.8,delivered_late
O00609,delivered,1,0.0,-6.03,delivered_on_time
O00610,delivered,1,,,unknown
O00611,delivered,1,1.0,2.0,delivered_late
O00612,delivered,1,0.0,-3.13,delivered_on_time
O00613,delivered,1,1.0,27.18,delivered_late
O00614,delivered,1,0.0,-10.18,delivered_on_time
O00615,delivered,1,0.0,-2.03,delivered_on_time
O00616,delivered,1,0.0,-6.37,delivered_on_time
O00617,delivered,1,0.0,-7.68,delivered_on_time
O00618,delivered,1,0.0,-12.63,delivered_on_time
O00619,delivered,1,1.0,6.48,delivered_late
O00620,delivered,1,0.0,-0.41,delivered_on_time
O00621,delivered,1,1.0,5.19,delivered_late
O00622,delivered,1,1.0,20.08,delivered_late
O00623,delivered,1,1.0,15.76,delivered_late
O00624,delivered,1,0.0,-10.71,delivered_on_time
O00625,delivered,1,0.0,-10.74,delivered_on_time
O00626,delivered,1,1.0,2.14,delivered_late
O00627,delivered,1,1.0,7.26,delivered_late
O00628,delivered,1,0.0,-2.57,delivered_on_time
O00629,delivered,1,1.0,12.57,delivered_late
O00630,cancelled,0,,,cancelled
O00631,delivered,1,1.0,11.34,delivered_late
O00632,delivered,1,1.0,2.84,delivered_late
O00633,delivered,1,0.0,-0.93,delivered_on_time
O00634,delivered,1,0.0,-2.08,delivered_on_time
O00635,delivered,1,1.0,2.68,delivered_late
O00636,delivered,1,1.0,6.22,delivered_late
O00637,cancelled,0,,,cancelled
O00638,delivered,1,0.0,-4.88,delivered_on_time
O00639,delivered,1,0.0,-2.35,delivered_on_time
O00640,delivered,1,0.0,-8.48,delivered_on_time
O00641,delivered,1,0.0,-8.28,delivered_on_time
O00642,delivered,1,1.0,0.98,delivered_late
O00643,delivered,1,0.0,-14.73,delivered_on_time
O00644,delivered,1,0.0,-1.91,delivered_on_time
O00645,delivered,1,1.0,3.71,delivered_late
O00646,delivered,1,1.0,4.23,delivered_late
O00647,delivered,1,0.0,-17.54,delivered_on_time
O00648,delivered,1,0.0,-9.31,delivered_on_time
O00649,delivered,1,1.0,12.71,delivered_late
O00650,delivered,1,1.0,2.77,delivered_late
O00651,delivered,1,1.0,1.65,delivered_late
O00652,delivered,1,1.0,4.02,delivered_late
O00653,delivered,1,1.0,12.74,delivered_late
O00654,delivered,1,0.0,-13.14,delivered_on_time
O00655,delivered,1,0.0,-8.34,delivered_on_time
O00656,delivered,1,1.0,0.92,delivered_late
O00657,delivered,1,0.0,-10.33,delivered_on_time
O00658,delivered,1,0.0,-1.37,delivered_on_time
O00659,delivered,1,0.0,-5.53,delivered_on_time
O00660,delivered,1,0.0,-15.48,delivered_on_time
O00661,delivered,1,0.0,-9.37,delivered_on_time
O00662,delivered,1,0.0,-12.61,delivered_on_time
O00663,delivered,1,0.0,-4.29,delivered_on_time
O00664,delivered,1,0.0,-8.49,delivered_on_time
O00665,delivered,1,1.0,4.82,delivered_late
O00666,delivered,1,1.0,17.67,delivered_late
O00667,delivered,1,0.0,-9.21,delivered_on_time
O00668,delivered,1,1.0,4.61,delivered_late
O00669,delivered,1,0.0,-5.43,delivered_on_time
O00670,delivered,1,1.0,2.71,delivered_late
O00671,delivered,1,0.0,-7.68,delivered_on_time
O00672,delivered,1,,,unknown
O00673,delivered,1,1.0,10.49,delivered_late
O00674,delivered,1,0.0,-12.83,delivered_on_time
O00675,delivered,1,,,unknown
O00676,delivered,1,1.0,2.12,delivered_late
O00677,delivered,1,0.0,-21.26,delivered_on_time
O00678,delivered,1,1.0,12.15,delivered_late
O00679,delivered,1,0.0,-0.44,delivered_on_time
O00680,delivered,1,0.0,-5.99,delivered_on_time
O00681,delivered,1,1.0,1.02,delivered_late
O00682,delivered,1,1.0,9.34,delivered_late
O00683,delivered,1,0.0,-10.81,delivered_on_time
O00684,delivered,1,1.0,12.08,delivered_late
O00685,delivered,1,1.0,14.64,delivered_late
O00686,delivered,1,1.0,16.31,delivered_late
O00687,delivered,1,0.0,-4.2,delivered_on_time
O00688,cancelled,0,,,cancelled
O00689,delivered,1,1.0,5.08,delivered_late
O00690,delivered,1,0.0,-15.13,delivered_on_time
O00691,delivered,1,1.0,13.21,delivered_late
O00692,delivered,1,1.0,9.85,delivered_late
O00693,delivered,1,0.0,-14.24,delivered_on_time
O00694,cancelled,0,,,cancelled
O00695,delivered,1,1.0,1.19,delivered_late
O00696,delivered,1,1.0,2.28,delivered_late
O00697,delivered,1,1.0,3.03,delivered_late
O00698,delivered,1,1.0,7.53,delivered_late
O00699,delivered,1,0.0,-18.08,delivered_on_time
O00700,delivered,1,0.0,-3.56,delivered_on_time
O00701,delivered,1,1.0,23.29,delivered_late
O00702,delivered,1,0.0,-1.6,delivered_on_time
O00703,delivered,1,1.0,0.7,delivered_late
O00704,delivered,1,1.0,4.29,delivered_late
O00705,delivered,1,1.0,6.76,delivered_late
O00706,delivered,1,1.0,29.59,delivered_late
O00707,delivered,1,0.0,-8.85,delivered_on_time
O00708,delivered,1,0.0,-9.39,delivered_on_time
O00709,delivered,1,0.0,-7.06,delivered_on_time
O00710,delivered,1,1.0,20.08,delivered_late
O00711,delivered,1,1.0,3.73,delivered_late
O00712,delivered,1,1.0,5.99,delivered_late
O00713,delivered,1,0.0,-11.91,delivered_on_time
O00714,delivered,1,0.0,-9.64,delivered_on_time
O00715,delivered,1,1.0,18.09,delivered_late
O00716,delivered,1,,,unknown
O00717,delivered,1,0.0,-2.82,delivered_on_time
O00718,delivered,1,0.0,-8.06,delivered_on_time
O00719,delivered,1,0.0,-3.14,delivered_on_time
O00720,delivered,1,0.0,-3.76,delivered_on_time
O00721,delivered,1,1.0,0.14,delivered_late
O00722,delivered,1,0.0,-16.5,delivered_on_time
O00723,delivered,1,0.0,-15.08,delivered_on_time
O00724,delivered,1,0.0,-4.33,delivered_on_time
O00725,delivered,1,1.0,5.48,delivered_late
O00726,delivered,1,1.0,22.89,delivered_late
O00727,delivered,1,0.0,-3.26,delivered_on_time
O00728,cancelled,0,,,cancelled
O00729,delivered,1,0.0,-2.28,delivered_on_time
O00730,delivered,1,1.0,27.12,delivered_late
O00731,delivered,1,1.0,9.52,delivered_late
O00732,delivered,1,0.0,-6.51,delivered_on_time
O00733,delivered,1,0.0,-0.84,delivered_on_time
O00734,cancelled,0,,,cancelled
O00735,delivered,1,0.0,-1.32,delivered_on_time
O00736,delivered,1,1.0,6.2,delivered_late
O00737,delivered,1,1.0,36.28,delivered_late
O00738,delivered,1,1.0,19.99,delivered_late
O00739,delivered,1,1.0,13.71,delivered_late
O00740,delivered,1,,,unknown
O00741,delivered,1,1.0,6.97,delivered_late
O00742,delivered,1,1.0,1.65,delivered_late
O00743,delivered,1,0.0,-3.48,delivered_on_time
O00744,delivered,1,1.0,15.02,delivered_late
O00745,delivered,1,0.0,-7.36,delivered_on_time
O00746,delivered,1,1.0,14.68,delivered_late
O00747,delivered,1,1.0,16.86,delivered_late
O00748,delivered,1,0.0,-6.08,delivered_on_time
O00749,delivered,1,0.0,-2.12,delivered_on_time
O00750,delivered,1,0.0,-14.68,delivered_on_time
O00751,delivered,1,0.0,-2.7,delivered_on_time
O00752,delivered,1,1.0,23.66,delivered_late
O00753,delivered,1,0.0,-5.07,delivered_on_time
O00754,delivered,1,0.0,-15.84,delivered_on_time
O00755,delivered,1,1.0,13.11,delivered_late
O00756,delivered,1,1.0,13.98,delivered_late
O00757,delivered,1,0.0,-15.01,delivered_on_time
O00758,delivered,1,1.0,11.73,delivered_late
O00759,delivered,1,0.0,-1.94,delivered_on_time
O00760,delivered,1,0.0,-18.75,delivered_on_time
O00761,delivered,1,1.0,3.46,delivered_late
O00762,delivered,1,1.0,17.38,delivered_late
O00763,delivered,1,1.0,5.45,delivered_late
O00764,delivered,1,1.0,3.46,delivered_late
O00765,delivered,1,1.0,13.5,delivered_late
O00766,delivered,1,0.0,-4.5,delivered_on_time
O00767,delivered,1,0.0,-2.34,delivered_on_time
O00768,delivered,1,0.0,-13.08,delivered_on_time
O00769,delivered,1,0.0,-5.49,delivered_on_time
O00770,delivered,1,1.0,21.32,delivered_late
O00771,delivered,1,0.0,-2.92,delivered_on_time
O00772,cancelled,0,,,cancelled
O00773,delivered,1,0.0,-8.58,delivered_on_time
O00774,delivered,1,,,unknown
O00775,delivered,1,1.0,23.03,delivered_late
O00776,delivered,1,1.0,3.01,delivered_late
O00777,delivered,1,1.0,5.37,delivered_late
O00778,delivered,1,0.0,-6.8,delivered_on_time
O00779,delivered,1,0.0,-4.22,delivered_on_time
O00780,delivered,1,1.0,10.94,delivered_late
O00781,delivered,1,1.0,13.07,delivered_late
O00782,delivered,1,1.0,16.86,delivered_late
O00783,delivered,1,0.0,-1.33,delivered_on_time
O00784,delivered,1,0.0,-12.59,delivered_on_time
O00785,delivered,1,0.0,-12.89,delivered_on_time
O00786,delivered,1,1.0,16.09,delivered_late
O00787,delivered,1,1.0,17.03,delivered_late
O00788,delivered,1,0.0,-5.41,delivered_on_time
O00789,delivered,1,1.0,1.05,delivered_late
O00790,delivered,1,1.0,32.77,delivered_late
O00791,delivered,1,1.0,6.7,delivered_late
O00792,delivered,1,0.0,-11.33,delivered_on_time
O00793,delivered,1,1.0,19.58,delivered_late
O00794,delivered,1,1.0,11.63,delivered_late
O00795,delivered,1,1.0,1.96,delivered_late
O00796,delivered,1,0.0,-8.94,delivered_on_time
O00797,delivered,1,1.0,19.58,delivered_late
O00798,cancelled,0,,,cancelled
O00799,delivered,1,1.0,13.3,delivered_late
O00800,delivered,1,0.0,-1.72,delivered_on_time
O00801,delivered,1,1.0,15.04,delivered_late
O00802,delivered,1,0.0,-9.46,delivered_on_time
O00803,delivered,1,1.0,12.39,delivered_late
O00804,delivered,1,1.0,1.85,delivered_late
O00805,delivered,1,1.0,9.58,delivered_late
O00806,delivered,1,0.0,-0.37,delivered_on_time
O00807,delivered,1,1.0,1.39,delivered_late
O00808,delivered,1,1.0,28.4,delivered_late
O00809,delivered,1,0.0,-10.28,delivered_on_time
O00810,delivered,1,0.0,-4.56,delivered_on_time
O00811,delivered,1,1.0,13.99,delivered_late
O00812,delivered,1,0.0,-11.62,delivered_on_time
O00813,delivered,1,0.0,-4.64,delivered_on_time
O00814,delivered,1,1.0,22.38,delivered_late
O00815,delivered,1,0.0,-1.69,delivered_on_time
O00816,delivered,1,1.0,7.0,delivered_late
O00817,delivered,1,0.0,-6.47,delivered_on_time
O00818,delivered,1,0.0,-11.29,delivered_on_time
O00819,delivered,1,1.0,20.04,delivered_late
O00820,delivered,1,1.0,3.96,delivered_late
O00821,delivered,1,0.0,-4.15,delivered_on_time
O00822,delivered,1,0.0,-7.09,delivered_on_time
O00823,delivered,1,1.0,12.2,delivered_late
O00824,cancelled,0,,,cancelled
O00825,delivered,1,0.0,-8.82,delivered_on_time
O00826,delivered,1,1.0,5.1,delivered_late
O00827,delivered,1,0.0,-1.17,delivered_on_time
O00828,delivered,1,1.0,9.92,delivered_late
O00829,delivered,1,1.0,1.41,delivered_late
O00830,delivered,1,,,unknown
O00831,cancelled,0,,,cancelled
O00832,delivered,1,0.0,-3.65,delivered_on_time
O00833,delivered,1,1.0,7.44,delivered_late
O00834,delivered,1,1.0,9.54,delivered_late
O00835,delivered,1,1.0,0.66,delivered_late
O00836,delivered,1,1.0,20.89,delivered_late
O00837,delivered,1,1.0,3.92,delivered_late
O00838,delivered,1,0.0,-11.0,delivered_on_time
O00839,delivered,1,1.0,3.53,delivered_late
O00840,cancelled,0,,,cancelled
O00841,delivered,1,1.0,1.64,delivered_late
O00842,delivered,1,1.0,17.75,delivered_late
O00843,delivered,1,1.0,4.61,delivered_late
O00844,delivered,1,1.0,7.36,delivered_late
O00845,delivered,1,1.0,11.34,delivered_late
O00846,delivered,1,0.0,-3.21,delivered_on_time
O00847,delivered,1,1.0,2.32,delivered_late
O00848,delivered,1,0.0,-2.43,delivered_on_time
O00849,delivered,1,1.0,10.48,delivered_late
O00850,delivered,1,0.0,-8.24,delivered_on_time
O00851,delivered,1,0.0,-10.8,delivered_on_time
O00852,delivered,1,1.0,16.21,delivered_late
O00853,delivered,1,1.0,9.46,delivered_late
O00854,delivered,1,1.0,17.82,delivered_late
O00855,delivered,1,1.0,2.38,delivered_late
O00856,delivered,1,0.0,-9.73,delivered_on_time
O00857,delivered,1,1.0,10.64,delivered_late
O00858,delivered,1,1.0,6.7,delivered_late
O00859,delivered,1,0.0,-6.01,delivered_on_time
O00860,delivered,1,0.0,-7.87,delivered_on_time
O00861,delivered,1,1.0,4.97,delivered_late
O00862,delivered,1,1.0,24.1,delivered_late
O00863,delivered,1,0.0,-2.09,delivered_on_time
O00864,delivered,1,1.0,2.07,delivered_late
O00865,delivered,1,0.0,-9.57,delivered_on_time
O00866,delivered,1,0.0,-12.15,delivered_on_time
O00867,delivered,1,1.0,0.8,delivered_late
O00868,delivered,1,1.0,6.97,delivered_late
O00869,delivered,1,0.0,-4.78,delivered_on_time
O00870,delivered,1,1.0,3.32,delivered_late
O00871,delivered,1,0.0,-7.02,delivered_on_time
O00872,delivered,1,1.0,2.8,delivered_late
O00873,delivered,1,0.0,-4.12,delivered_on_time
O00874,delivered,1,1.0,28.01,delivered_late
O00875,delivered,1,1.0,12.12,delivered_late
O00876,delivered,1,0.0,-14.03,delivered_on_time
O00877,delivered,1,0.0,-6.46,delivered_on_time
O00878,delivered,1,1.0,15.59,delivered_late
O00879,delivered,1,0.0,-0.05,delivered_on_time
O00880,delivered,1,0.0,-4.38,delivered_on_time
O00881,delivered,1,1.0,7.85,delivered_late
O00882,delivered,1,0.0,-0.7,delivered_on_time
O00883,delivered,1,1.0,9.0,delivered_late
O00884,delivered,1,1.0,19.59,delivered_late
O00885,delivered,1,0.0,-2.33,delivered_on_time
O00886,delivered,1,0.0,-3.81,delivered_on_time
O00887,delivered,1,1.0,0.06,delivered_late
O00888,delivered,1,1.0,7.14,delivered_late
O00889,delivered,1,0.0,-2.18,delivered_on_time
O00890,delivered,1,0.0,-5.11,delivered_on_time
O00891,delivered,1,1.0,1.54,delivered_late
O00892,delivered,1,1.0,20.87,delivered_late
O00893,delivered,1,1.0,30.32,delivered_late
O00894,delivered,1,1.0,5.52,delivered_late
O00895,delivered,1,1.0,3.29,delivered_late
O00896,delivered,1,1.0,30.8,delivered_late
O00897,delivered,1,0.0,-3.47,delivered_on_time
O00898,delivered,1,1.0,5.49,delivered_late
O00899,delivered,1,1.0,0.58,delivered_late
O00900,delivered,1,1.0,1.37,delivered_late
O00901,delivered,1,1.0,1.99,delivered_late
O00902,delivered,1,0.0,-4.27,delivered_on_time
O00903,delivered,1,1.0,4.71,delivered_late
O00904,delivered,1,1.0,18.12,delivered_late
O00905,delivered,1,1.0,7.21,delivered_late
O00906,delivered,1,1.0,9.45,delivered_late
O00907,delivered,1,0.0,-14.36,delivered_on_time
O00908,delivered,1,0.0,-19.67,delivered_on_time
O00909,delivered,1,1.0,23.72,delivered_late
O00910,delivered,1,,,unknown
O00911,delivered,1,0.0,-10.34,delivered_on_time
O00912,delivered,1,,,unknown
O00913,delivered,1,0.0,-11.9,delivered_on_time
O00914,delivered,1,1.0,6.66,delivered_late
O00915,delivered,1,0.0,-3.13,delivered_on_time
O00916,delivered,1,1.0,10.82,delivered_late
O00917,delivered,1,0.0,-5.89,delivered_on_time
O00918,delivered,1,0.0,-15.46,delivered_on_time
O00919,delivered,1,1.0,6.67,delivered_late
O00920,delivered,1,1.0,14.02,delivered_late
O00921,delivered,1,0.0,-5.87,delivered_on_time
O00922,delivered,1,1.0,6.42,delivered_late
O00923,delivered,1,0.0,-13.77,delivered_on_time
O00924,delivered,1,1.0,2.03,delivered_late
O00925,delivered,1,1.0,9.26,delivered_late
O00926,delivered,1,0.0,-0.51,delivered_on_time
O00927,delivered,1,0.0,-0.23,delivered_on_time
O00928,delivered,1,1.0,12.1,delivered_late
O00929,delivered,1,0.0,-4.49,delivered_on_time
O00930,delivered,1,1.0,29.48,delivered_late
O00931,delivered,1,0.0,-11.48,delivered_on_time
O00932,delivered,1,0.0,-1.5,delivered_on_time
O00933,delivered,1,1.0,0.48,delivered_late
O00934,delivered,1,1.0,7.62,delivered_late
O00935,delivered,1,1.0,3.44,delivered_late
O00936,delivered,1,1.0,0.44,delivered_late
O00937,delivered,1,0.0,-3.06,delivered_on_time
O00938,delivered,1,0.0,-6.64,delivered_on_time
O00939,delivered,1,1.0,15.72,delivered_late
O00940,delivered,1,1.0,12.52,delivered_late
O00941,delivered,1,1.0,14.01,delivered_late
O00942,delivered,1,0.0,-7.1,delivered_on_time
O00943,delivered,1,1.0,3.1,delivered_late
O00944,delivered,1,0.0,-8.31,delivered_on_time
O00945,delivered,1,1.0,23.81,delivered_late
O00946,delivered,1,0.0,-11.42,delivered_on_time
O00947,delivered,1,1.0,8.51,delivered_late
O00948,delivered,1,1.0,20.0,delivered_late
O00949,delivered,1,0.0,-8.55,delivered_on_time
O00950,delivered,1,1.0,8.69,delivered_late
O00951,delivered,1,0.0,-4.15,delivered_on_time
O00952,delivered,1,1.0,12.01,delivered_late
O00953,delivered,1,0.0,-11.58,delivered_on_time
O00954,delivered,1,1.0,21.62,delivered_late
O00955,delivered,1,1.0,10.58,delivered_late
O00956,delivered,1,1.0,0.37,delivered_late
O00957,delivered,1,1.0,7.53,delivered_late
O00958,cancelled,0,,,cancelled
O00959,delivered,1,1.0,8.48,delivered_late
O00960,delivered,1,1.0,6.8,delivered_late
O00961,delivered,1,1.0,2.66,delivered_late
O00962,delivered,1,0.0,-0.13,delivered_on_time
O00963,delivered,1,0.0,-7.84,delivered_on_time
O00964,delivered,1,0.0,-17.21,delivered_on_time
O00965,delivered,1,0.0,-4.86,delivered_on_time
O00966,delivered,1,0.0,-2.52,delivered_on_time
O00967,delivered,1,0.0,-5.54,delivered_on_time
O00968,delivered,1,0.0,-5.74,delivered_on_time
O00969,delivered,1,0.0,-6.8,delivered_on_time
O00970,delivered,1,1.0,12.15,delivered_late
O00971,delivered,1,0.0,-2.01,delivered_on_time
O00972,delivered,1,1.0,16.11,delivered_late
O00973,delivered,1,1.0,0.99,delivered_late
O00974,delivered,1,0.0,-7.35,delivered_on_time
O00975,delivered,1,0.0,-2.48,delivered_on_time
O00976,delivered,1,1.0,15.56,delivered_late
O00977,delivered,1,1.0,31.92,delivered_late
O00978,delivered,1,0.0,-2.05,delivered_on_time
O00979,delivered,1,0.0,-12.04,delivered_on_time
O00980,delivered,1,1.0,23.88,delivered_late
O00981,delivered,1,1.0,3.69,delivered_late
O00982,delivered,1,1.0,1.79,delivered_late
O00983,delivered,1,0.0,-11.96,delivered_on_time
O00984,delivered,1,1.0,7.08,delivered_late
O00985,delivered,1,1.0,1.62,delivered_late
O00986,delivered,1,0.0,-4.17,delivered_on_time
O00987,delivered,1,0.0,-14.37,delivered_on_time
O00988,delivered,1,1.0,9.94,delivered_late
O00989,delivered,1,0.0,-8.49,delivered_on_time
O00990,delivered,1,0.0,-6.65,delivered_on_time
O00991,delivered,1,1.0,11.43,delivered_late
O00992,delivered,1,1.0,25.37,delivered_late
O00993,delivered,1,1.0,9.24,delivered_late
O00994,delivered,1,1.0,0.57,delivered_late
O00995,delivered,1,1.0,31.72,delivered_late
O00996,delivered,1,0.0,-3.02,delivered_on_time
O00997,delivered,1,1.0,12.1,delivered_late
O00998,delivered,1,0.0,-10.09,delivered_on_time
O00999,delivered,1,0.0,-1.49,delivered_on_time
O01000,delivered,1,1.0,3.98,delivered_late
O01001,delivered,1,1.0,9.0,delivered_late
O01002,delivered,1,1.0,7.64,delivered_late
O01003,delivered,1,0.0,-8.76,delivered_on_time
O01004,delivered,1,0.0,-11.2,delivered_on_time
O01005,delivered,1,1.0,4.44,delivered_late
O01006,delivered,1,1.0,13.66,delivered_late
O01007,delivered,1,0.0,-11.08,delivered_on_time
O01008,delivered,1,0.0,-5.91,delivered_on_time
O01009,delivered,1,0.0,-4.71,delivered_on_time
O01010,delivered,1,1.0,4.18,delivered_late
O01011,delivered,1,0.0,-0.36,delivered_on_time
O01012,delivered,1,1.0,2.06,delivered_late
O01013,delivered,1,0.0,-4.14,delivered_on_time
O01014,delivered,1,,,unknown
O01015,delivered,1,0.0,-11.98,delivered_on_time
O01016,delivered,1,0.0,-1.69,delivered_on_time
O01017,delivered,1,1.0,0.19,delivered_late
O01018,delivered,1,0.0,-6.11,delivered_on_time
O01019,delivered,1,0.0,-9.8,delivered_on_time
O01020,delivered,1,1.0,7.23,delivered_late
O01021,delivered,1,1.0,1.04,delivered_late
O01022,delivered,1,0.0,-19.3,delivered_on_time
O01023,cancelled,0,,,cancelled
O01024,delivered,1,1.0,16.67,delivered_late
O01025,delivered,1,0.0,-7.9,delivered_on_time
O01026,delivered,1,0.0,-6.62,delivered_on_time
O01027,delivered,1,0.0,-0.59,delivered_on_time
O01028,delivered,1,1.0,12.46,delivered_late
O01029,delivered,1,1.0,6.82,delivered_late
O01030,delivered,1,1.0,21.36,delivered_late
O01031,delivered,1,1.0,1.62,delivered_late
O01032,delivered,1,1.0,2.72,delivered_late
O01033,delivered,1,1.0,20.69,delivered_late
O01034,delivered,1,,,unknown
O01035,delivered,1,1.0,8.58,delivered_late
O01036,delivered,1,1.0,14.23,delivered_late
O01037,delivered,1,0.0,-2.77,delivered_on_time
O01038,delivered,1,0.0,-9.15,delivered_on_time
O01039,delivered,1,0.0,-3.75,delivered_on_time
O01040,delivered,1,0.0,-3.16,delivered_on_time
O01041,delivered,1,1.0,27.44,delivered_late
O01042,delivered,1,1.0,14.95,delivered_late
O01043,delivered,1,1.0,2.34,delivered_late
O01044,delivered,1,1.0,1.2,delivered_late
O01045,delivered,1,0.0,-2.92,delivered_on_time
O01046,delivered,1,1.0,13.46,delivered_late
O01047,delivered,1,1.0,10.26,delivered_late
O01048,delivered,1,1.0,5.2,delivered_late
O01049,delivered,1,1.0,6.2,delivered_late
O01050,delivered,1,0.0,-2.98,delivered_on_time
O01051,delivered,1,0.0,-3.64,delivered_on_time
O01052,delivered,1,,,unknown
O01053,delivered,1,0.0,-5.32,delivered_on_time
O01054,delivered,1,1.0,12.23,delivered_late
O01055,delivered,1,0.0,-2.32,delivered_on_time
O01056,delivered,1,0.0,-9.55,delivered_on_time
O01057,delivered,1,1.0,0.22,delivered_late
O01058,cancelled,0,,,cancelled
O01059,delivered,1,1.0,19.91,delivered_late
O01060,delivered,1,1.0,3.45,delivered_late
O01061,delivered,1,1.0,0.43,delivered_late
O01062,delivered,1,1.0,3.46,delivered_late
O01063,delivered,1,1.0,0.56,delivered_late
O01064,delivered,1,1.0,4.3,delivered_late
O01065,delivered,1,1.0,4.26,delivered_late
O01066,cancelled,0,,,cancelled
O01067,delivered,1,1.0,0.07,delivered_late
O01068,delivered,1,0.0,-1.24,delivered_on_time
O01069,delivered,1,0.0,-2.05,delivered_on_time
O01070,delivered,1,1.0,1.04,delivered_late
O01071,delivered,1,1.0,10.74,delivered_late
O01072,delivered,1,1.0,4.91,delivered_late
O01073,delivered,1,0.0,-1.79,delivered_on_time
O01074,delivered,1,1.0,6.83,delivered_late
O01075,delivered,1,1.0,6.58,delivered_late
O01076,delivered,1,1.0,12.2,delivered_late
O01077,cancelled,0,,,cancelled
O01078,cancelled,0,,,cancelled
O01079,delivered,1,0.0,-0.84,delivered_on_time
O01080,delivered,1,,,unknown
O01081,delivered,1,1.0,50.27,delivered_late
O01082,delivered,1,1.0,5.68,delivered_late
O01083,delivered,1,1.0,14.1,delivered_late
O01084,delivered,1,0.0,-4.12,delivered_on_time
O01085,delivered,1,0.0,-9.2,delivered_on_time
O01086,delivered,1,0.0,-13.84,delivered_on_time
O01087,delivered,1,1.0,8.45,delivered_late
O01088,delivered,1,1.0,4.59,delivered_late
O01089,delivered,1,1.0,8.58,delivered_late
O01090,delivered,1,0.0,-7.18,delivered_on_time
O01091,delivered,1,0.0,-0.15,delivered_on_time
O01092,delivered,1,1.0,2.01,delivered_late
O01093,delivered,1,0.0,-19.99,delivered_on_time
O01094,delivered,1,1.0,17.48,delivered_late
O01095,delivered,1,0.0,-9.11,delivered_on_time
O01096,cancelled,0,,,cancelled
O01097,delivered,1,1.0,2.09,delivered_late
O01098,delivered,1,0.0,-0.25,delivered_on_time
O01099,delivered,1,1.0,11.31,delivered_late
O01100,delivered,1,0.0,-14.18,delivered_on_time
O01101,delivered,1,1.0,1.28,delivered_late
O01102,delivered,1,1.0,44.95,delivered_late
O01103,delivered,1,1.0,6.91,delivered_late
O01104,delivered,1,0.0,-7.87,delivered_on_time
O01105,delivered,1,1.0,3.76,delivered_late
O01106,delivered,1,1.0,19.02,delivered_late
O01107,delivered,1,1.0,13.02,delivered_late
O01108,delivered,1,0.0,-4.8,delivered_on_time
O01109,delivered,1,0.0,-14.26,delivered_on_time
O01110,delivered,1,1.0,2.61,delivered_late
O01111,delivered,1,1.0,18.02,delivered_late
O01112,delivered,1,1.0,2.32,delivered_late
O01113,delivered,1,0.0,-9.09,delivered_on_time
O01114,delivered,1,1.0,1.2,delivered_late
O01115,delivered,1,0.0,-0.95,delivered_on_time
O01116,delivered,1,0.0,-9.73,delivered_on_time
O01117,delivered,1,0.0,-16.32,delivered_on_time
O01118,delivered,1,1.0,7.77,delivered_late
O01119,cancelled,0,,,cancelled
O01120,delivered,1,1.0,10.44,delivered_late
O01121,delivered,1,0.0,-1.21,delivered_on_time
O01122,delivered,1,0.0,-3.06,delivered_on_time
O01123,delivered,1,0.0,-4.13,delivered_on_time
O01124,delivered,1,0.0,-8.48,delivered_on_time
O01125,delivered,1,0.0,-12.9,delivered_on_time
O01126,delivered,1,0.0,-18.46,delivered_on_time
O01127,delivered,1,1.0,1.21,delivered_late
O01128,delivered,1,1.0,2.17,delivered_late
O01129,delivered,1,1.0,1.05,delivered_late
O01130,delivered,1,0.0,-8.45,delivered_on_time
O01131,delivered,1,0.0,-2.8,delivered_on_time
O01132,delivered,1,1.0,21.39,delivered_late
O01133,delivered,1,1.0,19.1,delivered_late
O01134,delivered,1,1.0,2.98,delivered_late
O01135,delivered,1,1.0,6.23,delivered_late
O01136,delivered,1,1.0,2.83,delivered_late
O01137,delivered,1,1.0,0.42,delivered_late
O01138,delivered,1,1.0,10.42,delivered_late
O01139,delivered,1,0.0,-4.5,delivered_on_time
O01140,delivered,1,1.0,2.45,delivered_late
O01141,delivered,1,1.0,15.37,delivered_late
O01142,delivered,1,1.0,6.57,delivered_late
O01143,delivered,1,1.0,0.96,delivered_late
O01144,delivered,1,1.0,30.13,delivered_late
O01145,delivered,1,1.0,1.19,delivered_late
O01146,delivered,1,1.0,6.19,delivered_late
O01147,delivered,1,1.0,4.03,delivered_late
O01148,delivered,1,1.0,7.42,delivered_late
O01149,delivered,1,,,unknown
O01150,cancelled,0,,,cancelled
O01151,delivered,1,0.0,-7.15,delivered_on_time
O01152,delivered,1,1.0,8.19,delivered_late
O01153,delivered,1,1.0,21.04,delivered_late
O01154,delivered,1,0.0,-4.17,delivered_on_time
O01155,delivered,1,0.0,-10.6,delivered_on_time
O01156,delivered,1,1.0,6.61,delivered_late
O01157,cancelled,0,,,cancelled
O01158,delivered,1,0.0,-4.73,delivered_on_time
O01159,delivered,1,1.0,0.71,delivered_late
O01160,delivered,1,1.0,19.07,delivered_late
O01161,delivered,1,0.0,-3.98,delivered_on_time
O01162,delivered,1,0.0,-5.5,delivered_on_time
O01163,delivered,1,1.0,0.36,delivered_late
O01164,delivered,1,1.0,8.53,delivered_late
O01165,delivered,1,1.0,9.0,delivered_late
O01166,delivered,1,0.0,-6.38,delivered_on_time
O01167,delivered,1,1.0,19.02,delivered_late
O01168,delivered,1,1.0,2.44,delivered_late
O01169,delivered,1,1.0,21.83,delivered_late
O01170,delivered,1,1.0,15.21,delivered_late
O01171,delivered,1,0.0,-4.23,delivered_on_time
O01172,delivered,1,0.0,-6.97,delivered_on_time
O01173,delivered,1,0.0,-11.24,delivered_on_time
O01174,delivered,1,0.0,-11.48,delivered_on_time
O01175,delivered,1,,,unknown
O01176,delivered,1,1.0,13.13,delivered_late
O01177,delivered,1,0.0,-2.37,delivered_on_time
O01178,delivered,1,1.0,10.33,delivered_late
O01179,delivered,1,1.0,12.8,delivered_late
O01180,delivered,1,1.0,9.93,delivered_late
O01181,delivered,1,0.0,-2.79,delivered_on_time
O01182,delivered,1,1.0,7.45,delivered_late
O01183,delivered,1,1.0,14.83,delivered_late
O01184,delivered,1,0.0,-5.92,delivered_on_time
O01185,delivered,1,1.0,12.14,delivered_late
O01186,delivered,1,0.0,-0.42,delivered_on_time
O01187,delivered,1,1.0,23.54,delivered_late
O01188,delivered,1,1.0,1.12,delivered_late
O01189,delivered,1,1.0,2.6,delivered_late
O01190,delivered,1,0.0,-5.77,delivered_on_time
O01191,delivered,1,1.0,6.76,delivered_late
O01192,delivered,1,0.0,-3.47,delivered_on_time
O01193,delivered,1,0.0,-2.14,delivered_on_time
O01194,delivered,1,1.0,3.65,delivered_late
O01195,delivered,1,,,unknown
O01196,delivered,1,0.0,-8.49,delivered_on_time
O01197,delivered,1,1.0,31.61,delivered_late
O01198,delivered,1,1.0,6.92,delivered_late
O01199,delivered,1,0.0,-1.23,delivered_on_time
O01200,delivered,1,0.0,-3.55,delivered_on_time
O01201,delivered,1,1.0,1.79,delivered_late
O01202,delivered,1,0.0,-0.55,delivered_on_time
O01203,delivered,1,1.0,9.23,delivered_late
O01204,delivered,1,1.0,1.17,delivered_late
O01205,delivered,1,1.0,4.47,delivered_late
O01206,delivered,1,,,unknown
O01207,delivered,1,0.0,-12.38,delivered_on_time
O01208,delivered,1,0.0,-4.98,delivered_on_time
O01209,delivered,1,0.0,-6.42,delivered_on_time
O01210,delivered,1,1.0,6.13,delivered_late
O01211,delivered,1,0.0,-0.38,delivered_on_time
O01212,delivered,1,1.0,9.71,delivered_late
O01213,delivered,1,1.0,7.94,delivered_late
O01214,delivered,1,,,unknown
O01215,delivered,1,0.0,-3.4,delivered_on_time
O01216,delivered,1,1.0,3.97,delivered_late
O01217,delivered,1,1.0,23.63,delivered_late
O01218,delivered,1,0.0,-18.8,delivered_on_time
O01219,delivered,1,1.0,0.41,delivered_late
O01220,delivered,1,0.0,-5.49,delivered_on_time
O01221,delivered,1,0.0,-2.79,delivered_on_time
O01222,cancelled,0,,,cancelled
O01223,delivered,1,0.0,-4.29,delivered_on_time
O01224,delivered,1,1.0,1.73,delivered_late
O01225,delivered,1,0.0,-16.46,delivered_on_time
O01226,delivered,1,0.0,-1.35,delivered_on_time
O01227,delivered,1,0.0,-1.53,delivered_on_time
O01228,delivered,1,0.0,-20.06,delivered_on_time
O01229,delivered,1,0.0,-8.67,delivered_on_time
O01230,delivered,1,1.0,6.75,delivered_late
O01231,delivered,1,0.0,-10.61,delivered_on_time
O01232,delivered,1,1.0,22.05,delivered_late
O01233,delivered,1,1.0,23.39,delivered_late
O01234,delivered,1,0.0,-6.99,delivered_on_time
O01235,delivered,1,1.0,32.0,delivered_late
O01236,delivered,1,0.0,-3.04,delivered_on_time
O01237,cancelled,0,,,cancelled
O01238,delivered,1,1.0,6.66,delivered_late
O01239,delivered,1,0.0,-7.86,delivered_on_time
O01240,cancelled,0,,,cancelled
O01241,delivered,1,0.0,-6.62,delivered_on_time
O01242,delivered,1,0.0,-9.28,delivered_on_time
O01243,delivered,1,1.0,2.43,delivered_late
O01244,delivered,1,1.0,4.47,delivered_late
O01245,delivered,1,1.0,12.97,delivered_late
O01246,delivered,1,1.0,22.49,delivered_late
O01247,delivered,1,1.0,2.19,delivered_late
O01248,delivered,1,1.0,12.52,delivered_late
O01249,delivered,1,0.0,-4.58,delivered_on_time
O01250,delivered,1,1.0,17.04,delivered_late
O01251,delivered,1,1.0,5.47,delivered_late
O01252,delivered,1,,,unknown
O01253,delivered,1,0.0,-11.26,delivered_on_time
O01254,delivered,1,1.0,4.93,delivered_late
O01255,delivered,1,1.0,4.93,delivered_late
O01256,delivered,1,0.0,-0.99,delivered_on_time
O01257,delivered,1,1.0,9.89,delivered_late
O01258,delivered,1,1.0,5.47,delivered_late
O01259,delivered,1,1.0,4.02,delivered_late
O01260,delivered,1,0.0,-4.89,delivered_on_time
O01261,delivered,1,0.0,-4.39,delivered_on_time
O01262,delivered,1,0.0,-3.5,delivered_on_time
O01263,delivered,1,0.0,-12.18,delivered_on_time
O01264,delivered,1,0.0,-10.27,delivered_on_time
O01265,delivered,1,0.0,-1.19,delivered_on_time
O01266,delivered,1,1.0,13.14,delivered_late
O01267,delivered,1,1.0,7.55,delivered_late
O01268,delivered,1,1.0,29.82,delivered_late
O01269,delivered,1,1.0,4.75,delivered_late
O01270,delivered,1,1.0,15.68,delivered_late
O01271,delivered,1,0.0,-6.56,delivered_on_time
O01272,delivered,1,1.0,12.42,delivered_late
O01273,cancelled,0,,,cancelled
O01274,delivered,1,1.0,0.33,delivered_late
O01275,delivered,1,0.0,-9.45,delivered_on_time
O01276,delivered,1,1.0,3.26,delivered_late
O01277,delivered,1,1.0,1.15,delivered_late
O01278,delivered,1,1.0,6.55,delivered_late
O01279,delivered,1,1.0,6.66,delivered_late
O01280,delivered,1,1.0,11.76,delivered_late
O01281,delivered,1,1.0,6.64,delivered_late
O01282,delivered,1,1.0,7.63,delivered_late
O01283,delivered,1,0.0,-2.34,delivered_on_time
O01284,delivered,1,0.0,-8.53,delivered_on_time
O01285,delivered,1,0.0,-3.73,delivered_on_time
O01286,delivered,1,1.0,1.32,delivered_late
O01287,delivered,1,0.0,-3.82,delivered_on_time
O01288,cancelled,0,,,cancelled
O01289,delivered,1,1.0,4.4,delivered_late
O01290,delivered,1,0.0,-4.45,delivered_on_time
O01291,delivered,1,1.0,13.08,delivered_late
O01292,delivered,1,0.0,-11.23,delivered_on_time
O01293,delivered,1,1.0,11.57,delivered_late
O01294,delivered,1,1.0,7.11,delivered_late
O01295,delivered,1,1.0,1.63,delivered_late
O01296,delivered,1,1.0,20.78,delivered_late
O01297,delivered,1,1.0,7.48,delivered_late
O01298,delivered,1,1.0,6.98,delivered_late
O01299,delivered,1,0.0,-5.31,delivered_on_time
O01300,delivered,1,1.0,16.2,delivered_late
O01301,delivered,1,1.0,6.69,delivered_late
O01302,delivered,1,1.0,4.62,delivered_late
O01303,delivered,1,1.0,0.59,delivered_late
O01304,delivered,1,0.0,-0.91,delivered_on_time
O01305,delivered,1,0.0,-17.83,delivered_on_time
O01306,delivered,1,1.0,1.71,delivered_late
O01307,delivered,1,1.0,23.6,delivered_late
O01308,delivered,1,0.0,-2.8,delivered_on_time
O01309,delivered,1,0.0,-2.57,delivered_on_time
O01310,delivered,1,1.0,11.74,delivered_late
O01311,delivered,1,,,unknown
O01312,delivered,1,1.0,37.01,delivered_late
O01313,delivered,1,1.0,16.16,delivered_late
O01314,delivered,1,1.0,17.51,delivered_late
O01315,delivered,1,1.0,12.47,delivered_late
O01316,delivered,1,0.0,-3.16,delivered_on_time
O01317,delivered,1,0.0,-1.11,delivered_on_time
O01318,delivered,1,0.0,-4.24,delivered_on_time
O01319,delivered,1,0.0,-3.42,delivered_on_time
O01320,delivered,1,1.0,6.6,delivered_late
O01321,delivered,1,1.0,21.7,delivered_late
O01322,delivered,1,1.0,1.01,delivered_late
O01323,delivered,1,1.0,22.3,delivered_late
O01324,delivered,1,0.0,-15.18,delivered_on_time
O01325,delivered,1,1.0,5.34,delivered_late
O01326,delivered,1,0.0,-0.18,delivered_on_time
O01327,delivered,1,0.0,-2.26,delivered_on_time
O01328,delivered,1,1.0,23.33,delivered_late
O01329,delivered,1,0.0,-11.69,delivered_on_time
O01330,delivered,1,1.0,16.3,delivered_late
O01331,delivered,1,1.0,14.09,delivered_late
O01332,cancelled,0,,,cancelled
O01333,delivered,1,1.0,2.85,delivered_late
O01334,delivered,1,1.0,7.21,delivered_late
O01335,delivered,1,1.0,1.83,delivered_late
O01336,delivered,1,1.0,9.28,delivered_late
O01337,delivered,1,0.0,-1.75,delivered_on_time
O01338,delivered,1,1.0,18.57,delivered_late
O01339,delivered,1,0.0,-0.8,delivered_on_time
O01340,delivered,1,0.0,-0.73,delivered_on_time
O01341,delivered,1,1.0,9.97,delivered_late
O01342,delivered,1,0.0,-3.59,delivered_on_time
O01343,delivered,1,,,unknown
O01344,delivered,1,1.0,1.53,delivered_late
O01345,delivered,1,0.0,-8.19,delivered_on_time
O01346,cancelled,0,,,cancelled
O01347,delivered,1,0.0,-4.41,delivered_on_time
O01348,delivered,1,0.0,-13.81,delivered_on_time
O01349,delivered,1,1.0,12.69,delivered_late
O01350,delivered,1,0.0,-6.08,delivered_on_time
O01351,delivered,1,1.0,11.29,delivered_late
O01352,delivered,1,0.0,-4.44,delivered_on_time
O01353,delivered,1,1.0,0.6,delivered_late
O01354,delivered,1,1.0,0.71,delivered_late
O01355,delivered,1,0.0,-6.96,delivered_on_time
O01356,delivered,1,1.0,7.3,delivered_late
O01357,cancelled,0,,,cancelled
O01358,delivered,1,0.0,-14.13,delivered_on_time
O01359,delivered,1,1.0,1.37,delivered_late
O01360,delivered,1,1.0,4.79,delivered_late
O01361,delivered,1,0.0,-13.11,delivered_on_time
O01362,delivered,1,1.0,12.83,delivered_late
O01363,delivered,1,0.0,-6.91,delivered_on_time
O01364,delivered,1,0.0,-8.01,delivered_on_time
O01365,delivered,1,1.0,19.03,delivered_late
O01366,delivered,1,1.0,11.54,delivered_late
O01367,delivered,1,1.0,9.55,delivered_late
O01368,delivered,1,0.0,-5.52,delivered_on_time
O01369,delivered,1,0.0,-3.05,delivered_on_time
O01370,delivered,1,1.0,3.68,delivered_late
O01371,delivered,1,1.0,8.69,delivered_late
O01372,delivered,1,0.0,-11.69,delivered_on_time
O01373,delivered,1,,,unknown
O01374,delivered,1,0.0,-5.38,delivered_on_time
O01375,delivered,1,0.0,-0.04,delivered_on_time
O01376,delivered,1,0.0,-9.69,delivered_on_time
O01377,delivered,1,1.0,0.5,delivered_late
O01378,cancelled,0,,,cancelled
O01379,delivered,1,0.0,-8.56,delivered_on_time
O01380,delivered,1,1.0,1.39,delivered_late
O01381,delivered,1,0.0,-6.03,delivered_on_time
O01382,delivered,1,0.0,-0.13,delivered_on_time
O01383,delivered,1,0.0,-3.65,delivered_on_time
O01384,delivered,1,0.0,-3.67,delivered_on_time
O01385,delivered,1,1.0,0.41,delivered_late
O01386,delivered,1,0.0,-5.6,delivered_on_time
O01387,delivered,1,1.0,6.65,delivered_late
O01388,delivered,1,0.0,-4.97,delivered_on_time
O01389,delivered,1,0.0,-9.95,delivered_on_time
O01390,delivered,1,0.0,-6.7,delivered_on_time
O01391,delivered,1,0.0,-0.11,delivered_on_time
O01392,delivered,1,0.0,-9.74,delivered_on_time
O01393,delivered,1,1.0,3.09,delivered_late
O01394,delivered,1,1.0,8.79,delivered_late
O01395,delivered,1,1.0,0.12,delivered_late
O01396,delivered,1,0.0,-3.89,delivered_on_time
O01397,delivered,1,0.0,-2.06,delivered_on_time
O01398,delivered,1,,,unknown
O01399,delivered,1,0.0,-0.6,delivered_on_time
O01400,delivered,1,1.0,6.96,delivered_late
O01401,delivered,1,0.0,-1.29,delivered_on_time
O01402,delivered,1,1.0,0.49,delivered_late
O01403,delivered,1,1.0,36.93,delivered_late
O01404,delivered,1,0.0,-5.61,delivered_on_time
O01405,delivered,1,1.0,9.5,delivered_late
O01406,delivered,1,1.0,4.32,delivered_late
O01407,delivered,1,0.0,-8.47,delivered_on_time
O01408,delivered,1,1.0,27.74,delivered_late
O01409,delivered,1,1.0,13.01,delivered_late
O01410,delivered,1,1.0,17.68,delivered_late
O01411,delivered,1,1.0,3.73,delivered_late
O01412,delivered,1,,,unknown
O01413,delivered,1,0.0,-1.54,delivered_on_time
O01414,delivered,1,0.0,-8.48,delivered_on_time
O01415,cancelled,0,,,cancelled
O01416,delivered,1,1.0,15.19,delivered_late
O01417,delivered,1,1.0,16.48,delivered_late
O01418,delivered,1,0.0,-7.01,delivered_on_time
O01419,delivered,1,0.0,-12.49,delivered_on_time
O01420,delivered,1,1.0,5.55,delivered_late
O01421,delivered,1,0.0,-2.72,delivered_on_time
O01422,delivered,1,1.0,8.6,delivered_late
O01423,delivered,1,1.0,0.72,delivered_late
O01424,delivered,1,0.0,-2.26,delivered_on_time
O01425,cancelled,0,,,cancelled
O01426,delivered,1,0.0,-3.76,delivered_on_time
O01427,delivered,1,1.0,6.93,delivered_late
O01428,delivered,1,0.0,-14.42,delivered_on_time
O01429,delivered,1,1.0,7.65,delivered_late
O01430,delivered,1,1.0,10.37,delivered_late
O01431,delivered,1,1.0,11.97,delivered_late
O01432,delivered,1,0.0,-14.71,delivered_on_time
O01433,delivered,1,0.0,-6.2,delivered_on_time
O01434,delivered,1,0.0,-2.02,delivered_on_time
O01435,delivered,1,1.0,14.72,delivered_late
O01436,delivered,1,0.0,-3.83,delivered_on_time
O01437,delivered,1,1.0,19.41,delivered_late
O01438,delivered,1,0.0,-2.59,delivered_on_time
O01439,delivered,1,0.0,-8.79,delivered_on_time
O01440,delivered,1,0.0,-11.56,delivered_on_time
O01441,cancelled,0,,,cancelled
O01442,delivered,1,,,unknown
O01443,delivered,1,1.0,8.01,delivered_late
O01444,delivered,1,1.0,2.35,delivered_late
O01445,delivered,1,0.0,-8.93,delivered_on_time
O01446,delivered,1,1.0,0.2,delivered_late
O01447,delivered,1,0.0,-10.83,delivered_on_time
O01448,delivered,1,0.0,-4.89,delivered_on_time
O01449,delivered,1,0.0,-3.94,delivered_on_time
O01450,delivered,1,1.0,5.16,delivered_late
O01451,delivered,1,0.0,-14.52,delivered_on_time
O01452,delivered,1,0.0,-7.43,delivered_on_time
O01453,delivered,1,0.0,-10.7,delivered_on_time
O01454,delivered,1,0.0,-10.56,delivered_on_time
O01455,delivered,1,1.0,14.65,delivered_late
O01456,delivered,1,1.0,2.65,delivered_late
O01457,delivered,1,0.0,-10.96,delivered_on_time
O01458,delivered,1,0.0,-8.89,delivered_on_time
O01459,delivered,1,1.0,13.74,delivered_late
O01460,delivered,1,0.0,-6.22,delivered_on_time
O01461,delivered,1,0.0,-1.32,delivered_on_time
O01462,delivered,1,1.0,8.34,delivered_late
O01463,delivered,1,1.0,15.82,delivered_late
O01464,delivered,1,0.0,-3.49,delivered_on_time
O01465,delivered,1,0.0,-3.12,delivered_on_time
O01466,delivered,1,1.0,12.47,delivered_late
O01467,delivered,1,1.0,20.1,delivered_late
O01468,delivered,1,0.0,-6.56,delivered_on_time
O01469,delivered,1,0.0,-12.5,delivered_on_time
O01470,delivered,1,1.0,27.8,delivered_late
O01471,delivered,1,1.0,4.1,delivered_late
O01472,delivered,1,1.0,25.81,delivered_late
O01473,delivered,1,0.0,-6.35,delivered_on_time
O01474,delivered,1,1.0,0.95,delivered_late
O01475,delivered,1,1.0,12.11,delivered_late
O01476,delivered,1,1.0,1.91,delivered_late
O01477,delivered,1,1.0,3.53,delivered_late
O01478,delivered,1,1.0,29.74,delivered_late
O01479,delivered,1,1.0,19.16,delivered_late
O01480,delivered,1,1.0,7.03,delivered_late
O01481,delivered,1,1.0,24.77,delivered_late
O01482,delivered,1,1.0,0.97,delivered_late
O01483,delivered,1,0.0,-1.56,delivered_on_time
O01484,delivered,1,0.0,-3.7,delivered_on_time
O01485,delivered,1,1.0,20.39,delivered_late
O01486,delivered,1,0.0,-3.04,delivered_on_time
O01487,delivered,1,0.0,-3.22,delivered_on_time
O01488,cancelled,0,,,cancelled
O01489,delivered,1,0.0,-11.49,delivered_on_time
O01490,delivered,1,0.0,-3.94,delivered_on_time
O01491,delivered,1,1.0,6.67,delivered_late
O01492,cancelled,0,,,cancelled
O01493,cancelled,0,,,cancelled
O01494,delivered,1,1.0,1.61,delivered_late
O01495,delivered,1,1.0,22.32,delivered_late
O01496,delivered,1,1.0,2.88,delivered_late
O01497,delivered,1,1.0,14.32,delivered_late
O01498,delivered,1,1.0,0.46,delivered_late
O01499,delivered,1,1.0,11.43,delivered_late
O01500,delivered,1,0.0,-1.9,delivered_on_time
O01501,delivered,1,0.0,-3.22,delivered_on_time
O01502,delivered,1,0.0,-2.93,delivered_on_time
O01503,delivered,1,1.0,21.68,delivered_late
O01504,delivered,1,1.0,3.54,delivered_late
O01505,delivered,1,0.0,-1.43,delivered_on_time
O01506,delivered,1,,,unknown
O01507,cancelled,0,,,cancelled
O01508,delivered,1,1.0,3.32,delivered_late
O01509,delivered,1,1.0,10.56,delivered_late
O01510,delivered,1,1.0,6.48,delivered_late
O01511,delivered,1,1.0,9.81,delivered_late
O01512,delivered,1,,,unknown
O01513,delivered,1,1.0,31.46,delivered_late
O01514,delivered,1,1.0,9.27,delivered_late
O01515,delivered,1,0.0,-4.6,delivered_on_time
O01516,delivered,1,0.0,-0.99,delivered_on_time
O01517,delivered,1,0.0,-5.59,delivered_on_time
O01518,delivered,1,0.0,-2.74,delivered_on_time
O01519,delivered,1,1.0,20.87,delivered_late
O01520,delivered,1,1.0,0.93,delivered_late
O01521,delivered,1,0.0,-7.67,delivered_on_time
O01522,delivered,1,0.0,-6.02,delivered_on_time
O01523,delivered,1,0.0,-3.78,delivered_on_time
O01524,delivered,1,1.0,4.57,delivered_late
O01525,delivered,1,1.0,20.0,delivered_late
O01526,delivered,1,0.0,-4.07,delivered_on_time
O01527,delivered,1,1.0,6.28,delivered_late
O01528,delivered,1,0.0,-8.96,delivered_on_time
O01529,delivered,1,1.0,15.52,delivered_late
O01530,delivered,1,0.0,-0.52,delivered_on_time
O01531,delivered,1,1.0,18.59,delivered_late
O01532,delivered,1,0.0,-10.34,delivered_on_time
O01533,delivered,1,1.0,23.35,delivered_late
O01534,delivered,1,1.0,3.12,delivered_late
O01535,delivered,1,0.0,-0.65,delivered_on_time
O01536,delivered,1,0.0,-11.76,delivered_on_time
O01537,delivered,1,0.0,-0.05,delivered_on_time
O01538,delivered,1,1.0,2.04,delivered_late
O01539,delivered,1,1.0,3.05,delivered_late
O01540,delivered,1,1.0,19.67,delivered_late
O01541,delivered,1,1.0,8.69,delivered_late
O01542,delivered,1,1.0,25.89,delivered_late
O01543,delivered,1,0.0,-3.73,delivered_on_time
O01544,delivered,1,1.0,13.59,delivered_late
O01545,delivered,1,0.0,-3.44,delivered_on_time
O01546,delivered,1,0.0,-17.91,delivered_on_time
O01547,delivered,1,1.0,0.91,delivered_late
O01548,delivered,1,1.0,0.53,delivered_late
O01549,delivered,1,1.0,3.01,delivered_late
O01550,delivered,1,0.0,-0.05,delivered_on_time
O01551,delivered,1,1.0,3.62,delivered_late
O01552,delivered,1,1.0,11.86,delivered_late
O01553,delivered,1,0.0,-11.16,delivered_on_time
O01554,delivered,1,1.0,8.82,delivered_late
O01555,delivered,1,0.0,-0.25,delivered_on_time
O01556,delivered,1,1.0,10.24,delivered_late
O01557,delivered,1,0.0,-0.02,delivered_on_time
O01558,delivered,1,0.0,-7.23,delivered_on_time
O01559,delivered,1,0.0,-6.48,delivered_on_time
O01560,delivered,1,1.0,11.17,delivered_late
O01561,delivered,1,0.0,-11.91,delivered_on_time
O01562,delivered,1,0.0,-14.01,delivered_on_time
O01563,delivered,1,0.0,-1.91,delivered_on_time
O01564,delivered,1,1.0,15.52,delivered_late
O01565,delivered,1,0.0,-1.99,delivered_on_time
O01566,delivered,1,1.0,1.85,delivered_late
O01567,delivered,1,0.0,-7.67,delivered_on_time
O01568,cancelled,0,,,cancelled
O01569,delivered,1,1.0,11.87,delivered_late
O01570,delivered,1,0.0,-4.28,delivered_on_time
O01571,delivered,1,1.0,12.38,delivered_late
O01572,delivered,1,0.0,-4.2,delivered_on_time
O01573,delivered,1,1.0,3.43,delivered_late
O01574,delivered,1,1.0,0.69,delivered_late
O01575,delivered,1,1.0,3.69,delivered_late
O01576,delivered,1,0.0,-10.96,delivered_on_time
O01577,delivered,1,1.0,11.35,delivered_late
O01578,delivered,1,1.0,22.76,delivered_late
O01579,delivered,1,1.0,9.11,delivered_late
O01580,delivered,1,0.0,-13.34,delivered_on_time
O01581,delivered,1,0.0,-1.56,delivered_on_time
O01582,delivered,1,1.0,10.05,delivered_late
O01583,delivered,1,1.0,1.52,delivered_late
O01584,delivered,1,1.0,25.0,delivered_late
O01585,delivered,1,1.0,12.79,delivered_late
O01586,delivered,1,1.0,8.21,delivered_late
O01587,delivered,1,1.0,24.82,delivered_late
O01588,delivered,1,1.0,9.18,delivered_late
O01589,delivered,1,0.0,-5.17,delivered_on_time
O01590,delivered,1,1.0,13.29,delivered_late
O01591,delivered,1,0.0,-10.62,delivered_on_time
O01592,delivered,1,1.0,4.15,delivered_late
O01593,delivered,1,0.0,-0.19,delivered_on_time
O01594,delivered,1,1.0,20.55,delivered_late
O01595,delivered,1,0.0,-4.48,delivered_on_time
O01596,cancelled,0,,,cancelled
O01597,delivered,1,0.0,-3.68,delivered_on_time
O01598,delivered,1,0.0,-4.56,delivered_on_time
O01599,delivered,1,1.0,8.26,delivered_late
O01600,delivered,1,0.0,-2.53,delivered_on_time
